/*
insert into solicitud (idSolicitud, estado, fechaAdopcion, fechaEnvio) values (1, 'pendiente', '2004-12-12', '1991-08-31');
insert into solicitud (idSolicitud, estado, fechaAdopcion, fechaEnvio) values (2, 'pendiente', '1997-02-18', '2006-01-04');
insert into solicitud (idSolicitud, estado, fechaAdopcion, fechaEnvio) values (3, 'aprobado', '2022-05-08', '2010-07-03');
insert into solicitud (idSolicitud, estado, fechaAdopcion, fechaEnvio) values (4, 'pendiente', '2009-02-03', '2027-06-26');
insert into solicitud (idSolicitud, estado, fechaAdopcion, fechaEnvio) values (5, 'pendiente', '2023-01-08', '2000-07-21');
insert into solicitud (idSolicitud, estado, fechaAdopcion, fechaEnvio) values (6, 'aprobado', '2000-11-26', '2022-01-07');
insert into solicitud (idSolicitud, estado, fechaAdopcion, fechaEnvio) values (7, 'aprobado', '2020-11-20', '2013-04-02');
insert into solicitud (idSolicitud, estado, fechaAdopcion, fechaEnvio) values (8, 'aprobado', '2010-02-07', '2003-01-16');
insert into solicitud (idSolicitud, estado, fechaAdopcion, fechaEnvio) values (9, 'aprobado', '2030-09-03', '2012-02-11');
insert into solicitud (idSolicitud, estado, fechaAdopcion, fechaEnvio) values (10, 'pendiente', '2000-02-03', '2013-05-08');
insert into solicitud (idSolicitud, estado, fechaAdopcion, fechaEnvio) values (11, 'pendiente', '2004-07-05', '2018-09-20');
insert into solicitud (idSolicitud, estado, fechaAdopcion, fechaEnvio) values (12, 'rechazado', '2002-10-11', '1993-10-01');
insert into solicitud (idSolicitud, estado, fechaAdopcion, fechaEnvio) values (13, 'pendiente', '2028-09-21', '1995-03-12');
insert into solicitud (idSolicitud, estado, fechaAdopcion, fechaEnvio) values (14, 'pendiente', '1996-08-20', '1998-09-21');
insert into solicitud (idSolicitud, estado, fechaAdopcion, fechaEnvio) values (15, 'aprobado', '2019-01-29', '1993-12-19');
insert into solicitud (idSolicitud, estado, fechaAdopcion, fechaEnvio) values (16, 'aprobado', '2027-08-29', '1991-04-01');
insert into solicitud (idSolicitud, estado, fechaAdopcion, fechaEnvio) values (17, 'aprobado', '2027-04-12', '2015-06-03');
insert into solicitud (idSolicitud, estado, fechaAdopcion, fechaEnvio) values (18, 'rechazado', '2007-07-18', '2021-10-05');
insert into solicitud (idSolicitud, estado, fechaAdopcion, fechaEnvio) values (19, 'aprobado', '2007-06-28', '2017-02-26');
insert into solicitud (idSolicitud, estado, fechaAdopcion, fechaEnvio) values (20, 'aprobado', '2000-05-02', '2004-11-21');
insert into solicitud (idSolicitud, estado, fechaAdopcion, fechaEnvio) values (21, 'rechazado', '2011-08-25', '2013-12-21');
insert into solicitud (idSolicitud, estado, fechaAdopcion, fechaEnvio) values (22, 'pendiente', '2016-07-28', '1999-09-04');
insert into solicitud (idSolicitud, estado, fechaAdopcion, fechaEnvio) values (23, 'rechazado', '2008-02-22', '1991-05-08');
insert into solicitud (idSolicitud, estado, fechaAdopcion, fechaEnvio) values (24, 'rechazado', '2014-03-02', '2030-03-03');
insert into solicitud (idSolicitud, estado, fechaAdopcion, fechaEnvio) values (25, 'aprobado', '2003-11-22', '1996-01-09');
insert into solicitud (idSolicitud, estado, fechaAdopcion, fechaEnvio) values (26, 'rechazado', '2000-09-22', '2010-03-16');
insert into solicitud (idSolicitud, estado, fechaAdopcion, fechaEnvio) values (27, 'rechazado', '2007-07-27', '2027-11-16');
insert into solicitud (idSolicitud, estado, fechaAdopcion, fechaEnvio) values (28, 'aprobado', '2028-12-26', '2028-01-03');
insert into solicitud (idSolicitud, estado, fechaAdopcion, fechaEnvio) values (29, 'aprobado', '2030-05-05', '2027-01-27');
insert into solicitud (idSolicitud, estado, fechaAdopcion, fechaEnvio) values (30, 'rechazado', '2002-07-24', '1993-04-22');
insert into solicitud (idSolicitud, estado, fechaAdopcion, fechaEnvio) values (31, 'aprobado', '2010-07-04', '1999-08-26');
insert into solicitud (idSolicitud, estado, fechaAdopcion, fechaEnvio) values (32, 'aprobado', '2027-07-12', '1991-10-16');
insert into solicitud (idSolicitud, estado, fechaAdopcion, fechaEnvio) values (33, 'aprobado', '2015-10-01', '2018-11-12');
insert into solicitud (idSolicitud, estado, fechaAdopcion, fechaEnvio) values (34, 'pendiente', '1992-05-16', '1998-04-12');
insert into solicitud (idSolicitud, estado, fechaAdopcion, fechaEnvio) values (35, 'pendiente', '2027-06-05', '2018-04-23');
insert into solicitud (idSolicitud, estado, fechaAdopcion, fechaEnvio) values (36, 'rechazado', '1996-09-10', '2002-05-17');
insert into solicitud (idSolicitud, estado, fechaAdopcion, fechaEnvio) values (37, 'pendiente', '2018-08-23', '1992-12-25');
insert into solicitud (idSolicitud, estado, fechaAdopcion, fechaEnvio) values (38, 'rechazado', '1992-03-18', '2007-01-17');
insert into solicitud (idSolicitud, estado, fechaAdopcion, fechaEnvio) values (39, 'aprobado', '2023-08-23', '2024-04-01');
insert into solicitud (idSolicitud, estado, fechaAdopcion, fechaEnvio) values (40, 'rechazado', '1993-01-14', '2000-10-05');
insert into solicitud (idSolicitud, estado, fechaAdopcion, fechaEnvio) values (41, 'pendiente', '2030-07-09', '2010-12-18');
insert into solicitud (idSolicitud, estado, fechaAdopcion, fechaEnvio) values (42, 'rechazado', '1990-11-21', '2006-03-14');
insert into solicitud (idSolicitud, estado, fechaAdopcion, fechaEnvio) values (43, 'pendiente', '2024-10-14', '2026-11-09');
insert into solicitud (idSolicitud, estado, fechaAdopcion, fechaEnvio) values (44, 'aprobado', '2022-09-27', '2024-06-20');
insert into solicitud (idSolicitud, estado, fechaAdopcion, fechaEnvio) values (45, 'pendiente', '2017-08-05', '2019-08-12');
insert into solicitud (idSolicitud, estado, fechaAdopcion, fechaEnvio) values (46, 'rechazado', '1999-03-06', '2019-08-10');
insert into solicitud (idSolicitud, estado, fechaAdopcion, fechaEnvio) values (47, 'aprobado', '2000-02-29', '2029-02-09');
insert into solicitud (idSolicitud, estado, fechaAdopcion, fechaEnvio) values (48, 'rechazado', '2029-06-04', '2011-05-30');
insert into solicitud (idSolicitud, estado, fechaAdopcion, fechaEnvio) values (49, 'rechazado', '2017-12-06', '2027-02-19');
insert into solicitud (idSolicitud, estado, fechaAdopcion, fechaEnvio) values (50, 'rechazado', '2024-01-30', '2023-02-17');
insert into solicitud (idSolicitud, estado, fechaAdopcion, fechaEnvio) values (51, 'aprobado', '2026-09-19', '2003-05-09');
insert into solicitud (idSolicitud, estado, fechaAdopcion, fechaEnvio) values (52, 'rechazado', '2021-07-17', '2000-07-05');
insert into solicitud (idSolicitud, estado, fechaAdopcion, fechaEnvio) values (53, 'aprobado', '2007-02-09', '2002-09-17');
insert into solicitud (idSolicitud, estado, fechaAdopcion, fechaEnvio) values (54, 'pendiente', '1994-11-03', '1995-01-03');
insert into solicitud (idSolicitud, estado, fechaAdopcion, fechaEnvio) values (55, 'aprobado', '2018-11-05', '1996-01-08');
insert into solicitud (idSolicitud, estado, fechaAdopcion, fechaEnvio) values (56, 'aprobado', '2019-12-28', '1991-11-03');
insert into solicitud (idSolicitud, estado, fechaAdopcion, fechaEnvio) values (57, 'aprobado', '1999-11-14', '2003-01-06');
insert into solicitud (idSolicitud, estado, fechaAdopcion, fechaEnvio) values (58, 'rechazado', '2014-10-18', '2007-01-24');
insert into solicitud (idSolicitud, estado, fechaAdopcion, fechaEnvio) values (59, 'pendiente', '1993-07-24', '2027-05-05');
insert into solicitud (idSolicitud, estado, fechaAdopcion, fechaEnvio) values (60, 'pendiente', '2018-10-24', '2011-11-03');
insert into solicitud (idSolicitud, estado, fechaAdopcion, fechaEnvio) values (61, 'aprobado', '2001-03-25', '2000-12-20');
insert into solicitud (idSolicitud, estado, fechaAdopcion, fechaEnvio) values (62, 'aprobado', '2030-08-12', '2025-12-10');
insert into solicitud (idSolicitud, estado, fechaAdopcion, fechaEnvio) values (63, 'rechazado', '2007-02-27', '2015-07-20');
insert into solicitud (idSolicitud, estado, fechaAdopcion, fechaEnvio) values (64, 'pendiente', '1994-12-20', '1999-06-30');
insert into solicitud (idSolicitud, estado, fechaAdopcion, fechaEnvio) values (65, 'aprobado', '2008-10-11', '2021-12-22');
insert into solicitud (idSolicitud, estado, fechaAdopcion, fechaEnvio) values (66, 'aprobado', '2024-03-18', '2006-05-15');
insert into solicitud (idSolicitud, estado, fechaAdopcion, fechaEnvio) values (67, 'pendiente', '2025-05-29', '2009-12-31');
insert into solicitud (idSolicitud, estado, fechaAdopcion, fechaEnvio) values (68, 'aprobado', '2015-05-04', '1996-03-16');
insert into solicitud (idSolicitud, estado, fechaAdopcion, fechaEnvio) values (69, 'rechazado', '2024-11-10', '2013-07-23');
insert into solicitud (idSolicitud, estado, fechaAdopcion, fechaEnvio) values (70, 'pendiente', '2014-12-12', '2029-07-13');
insert into solicitud (idSolicitud, estado, fechaAdopcion, fechaEnvio) values (71, 'rechazado', '2007-10-12', '2008-08-11');
insert into solicitud (idSolicitud, estado, fechaAdopcion, fechaEnvio) values (72, 'aprobado', '2029-02-22', '1993-02-19');
insert into solicitud (idSolicitud, estado, fechaAdopcion, fechaEnvio) values (73, 'pendiente', '2030-02-22', '1992-07-03');
insert into solicitud (idSolicitud, estado, fechaAdopcion, fechaEnvio) values (74, 'aprobado', '2026-01-25', '2011-12-11');
insert into solicitud (idSolicitud, estado, fechaAdopcion, fechaEnvio) values (75, 'rechazado', '2015-07-16', '2018-10-16');
insert into solicitud (idSolicitud, estado, fechaAdopcion, fechaEnvio) values (76, 'pendiente', '2001-01-13', '1998-11-23');
insert into solicitud (idSolicitud, estado, fechaAdopcion, fechaEnvio) values (77, 'aprobado', '2028-04-16', '2021-11-28');
insert into solicitud (idSolicitud, estado, fechaAdopcion, fechaEnvio) values (78, 'aprobado', '1993-05-14', '2004-01-06');
insert into solicitud (idSolicitud, estado, fechaAdopcion, fechaEnvio) values (79, 'aprobado', '1992-05-01', '2016-07-05');
insert into solicitud (idSolicitud, estado, fechaAdopcion, fechaEnvio) values (80, 'aprobado', '2030-02-17', '1991-10-19');
insert into solicitud (idSolicitud, estado, fechaAdopcion, fechaEnvio) values (81, 'aprobado', '1994-04-10', '2002-06-24');
insert into solicitud (idSolicitud, estado, fechaAdopcion, fechaEnvio) values (82, 'rechazado', '1999-09-14', '2020-01-19');
insert into solicitud (idSolicitud, estado, fechaAdopcion, fechaEnvio) values (83, 'rechazado', '1997-08-24', '2020-03-19');
insert into solicitud (idSolicitud, estado, fechaAdopcion, fechaEnvio) values (84, 'aprobado', '2023-08-19', '2006-10-31');
insert into solicitud (idSolicitud, estado, fechaAdopcion, fechaEnvio) values (85, 'aprobado', '1997-10-06', '2001-05-18');
insert into solicitud (idSolicitud, estado, fechaAdopcion, fechaEnvio) values (86, 'pendiente', '1994-02-14', '2024-10-14');
insert into solicitud (idSolicitud, estado, fechaAdopcion, fechaEnvio) values (87, 'rechazado', '1998-07-08', '2028-04-03');
insert into solicitud (idSolicitud, estado, fechaAdopcion, fechaEnvio) values (88, 'aprobado', '1991-07-26', '2029-09-02');
insert into solicitud (idSolicitud, estado, fechaAdopcion, fechaEnvio) values (89, 'rechazado', '1997-10-03', '1999-06-28');
insert into solicitud (idSolicitud, estado, fechaAdopcion, fechaEnvio) values (90, 'aprobado', '2003-08-23', '2026-11-19');
insert into solicitud (idSolicitud, estado, fechaAdopcion, fechaEnvio) values (91, 'pendiente', '2024-08-05', '2029-04-12');
insert into solicitud (idSolicitud, estado, fechaAdopcion, fechaEnvio) values (92, 'pendiente', '2001-08-16', '2006-08-19');
insert into solicitud (idSolicitud, estado, fechaAdopcion, fechaEnvio) values (93, 'pendiente', '2024-07-02', '1990-04-11');
insert into solicitud (idSolicitud, estado, fechaAdopcion, fechaEnvio) values (94, 'rechazado', '2028-10-11', '2005-01-02');
insert into solicitud (idSolicitud, estado, fechaAdopcion, fechaEnvio) values (95, 'rechazado', '2015-11-09', '1999-09-22');
insert into solicitud (idSolicitud, estado, fechaAdopcion, fechaEnvio) values (96, 'pendiente', '2028-03-24', '2023-08-23');
insert into solicitud (idSolicitud, estado, fechaAdopcion, fechaEnvio) values (97, 'rechazado', '2003-11-28', '2013-10-05');
insert into solicitud (idSolicitud, estado, fechaAdopcion, fechaEnvio) values (98, 'rechazado', '2011-02-09', '1991-06-04');
insert into solicitud (idSolicitud, estado, fechaAdopcion, fechaEnvio) values (99, 'aprobado', '2023-11-29', '2000-06-04');
insert into solicitud (idSolicitud, estado, fechaAdopcion, fechaEnvio) values (100, 'rechazado', '2019-07-13', '2024-11-06');

insert into persona (idPersona, nombre, email, telefono, direccion, ocupacion, experiencia, solicitudes_idSolicitud) values (1, 'Tabitha', 'tgedney0@chronoengine.com', 51003382, '83 Clemons Hill', 'Quality Engineer', '10+years', 1);
insert into persona (idPersona, nombre, email, telefono, direccion, ocupacion, experiencia, solicitudes_idSolicitud) values (2, 'Riki', 'rmeasor1@illinois.edu', 77263575, '73 Bowman Lane', 'Cost Accountant', '1-2years', 2);
insert into persona (idPersona, nombre, email, telefono, direccion, ocupacion, experiencia, solicitudes_idSolicitud) values (3, 'Lacy', 'lbosley2@netscape.com', 33650755, '5989 Schmedeman Park', 'Marketing Manager', '10+years', 3);
insert into persona (idPersona, nombre, email, telefono, direccion, ocupacion, experiencia, solicitudes_idSolicitud) values (4, 'Moira', 'mtebbutt3@toplist.cz', 84237874, '28695 Goodland Plaza', 'Assistant Media Planner', '3-5years', 4);
insert into persona (idPersona, nombre, email, telefono, direccion, ocupacion, experiencia, solicitudes_idSolicitud) values (5, 'Elayne', 'ekenningham4@symantec.com', 5428814, '17053 Delaware Way', 'Nuclear Power Engineer', '10+years', 5);
insert into persona (idPersona, nombre, email, telefono, direccion, ocupacion, experiencia, solicitudes_idSolicitud) values (6, 'Gil', 'gberston5@google.fr', 70720038, '1760 Columbus Park', 'Account Executive', '1-2years', 6);
insert into persona (idPersona, nombre, email, telefono, direccion, ocupacion, experiencia, solicitudes_idSolicitud) values (7, 'Loren', 'lbroadey6@google.nl', 68519715, '2024 Bluejay Plaza', 'Staff Accountant III', '6-10years', 7);
insert into persona (idPersona, nombre, email, telefono, direccion, ocupacion, experiencia, solicitudes_idSolicitud) values (8, 'Anabella', 'acrofts7@icq.com', 32257431, '4 Trailsway Center', 'Mechanical Systems Engineer', '6-10years', 8);
insert into persona (idPersona, nombre, email, telefono, direccion, ocupacion, experiencia, solicitudes_idSolicitud) values (9, 'Harlen', 'hrawet8@netlog.com', 19447197, '363 Ridgeview Court', 'Health Coach III', '1-2years', 9);
insert into persona (idPersona, nombre, email, telefono, direccion, ocupacion, experiencia, solicitudes_idSolicitud) values (10, 'Nikos', 'nyakebovitch9@bravesites.com', 28295079, '21 Paget Court', 'Software Engineer II', '3-5years', 10);
insert into persona (idPersona, nombre, email, telefono, direccion, ocupacion, experiencia, solicitudes_idSolicitud) values (11, 'Thelma', 'tstatersfielda@zimbio.com', 65062100, '9430 Sunnyside Circle', 'Sales Associate', '10+years', 11);
insert into persona (idPersona, nombre, email, telefono, direccion, ocupacion, experiencia, solicitudes_idSolicitud) values (12, 'Bryant', 'bstadenb@hp.com', 5949819, '1429 3rd Trail', 'Senior Editor', '1-2years', 12);
insert into persona (idPersona, nombre, email, telefono, direccion, ocupacion, experiencia, solicitudes_idSolicitud) values (13, 'Letta', 'lkeeric@pagesperso-orange.fr', 99954503, '550 Veith Crossing', 'Associate Professor', '10+years', 13);
insert into persona (idPersona, nombre, email, telefono, direccion, ocupacion, experiencia, solicitudes_idSolicitud) values (14, 'Berty', 'barsnelld@miitbeian.gov.cn', 85297949, '33 Chive Trail', 'Sales Representative', '1-2years', 14);
insert into persona (idPersona, nombre, email, telefono, direccion, ocupacion, experiencia, solicitudes_idSolicitud) values (15, 'Hunt', 'hfeavioure@businessweek.com', 11446535, '997 Northfield Plaza', 'Senior Developer', '1-2years', 15);
insert into persona (idPersona, nombre, email, telefono, direccion, ocupacion, experiencia, solicitudes_idSolicitud) values (16, 'Arty', 'awalchf@networkadvertising.org', 53460161, '2 Oak Street', 'Senior Editor', '6-10years', 16);
insert into persona (idPersona, nombre, email, telefono, direccion, ocupacion, experiencia, solicitudes_idSolicitud) values (17, 'Colline', 'cturfesg@delicious.com', 8269613, '51975 Ramsey Terrace', 'Registered Nurse', '10+years', 17);
insert into persona (idPersona, nombre, email, telefono, direccion, ocupacion, experiencia, solicitudes_idSolicitud) values (18, 'Mildrid', 'mformillih@opera.com', 82336573, '8 Daystar Avenue', 'Software Test Engineer I', '10+years', 18);
insert into persona (idPersona, nombre, email, telefono, direccion, ocupacion, experiencia, solicitudes_idSolicitud) values (19, 'Neale', 'nbalesi@reuters.com', 18089535, '45 Rutledge Circle', 'Safety Technician IV', '10+years', 19);
insert into persona (idPersona, nombre, email, telefono, direccion, ocupacion, experiencia, solicitudes_idSolicitud) values (20, 'Bea', 'bbarthrupj@army.mil', 34950242, '80 Spenser Hill', 'Business Systems Development Analyst', '3-5years', 20);
insert into persona (idPersona, nombre, email, telefono, direccion, ocupacion, experiencia, solicitudes_idSolicitud) values (21, 'Celinda', 'cdykask@qq.com', 5540474, '827 Twin Pines Point', 'Physical Therapy Assistant', '6-10years', 21);
insert into persona (idPersona, nombre, email, telefono, direccion, ocupacion, experiencia, solicitudes_idSolicitud) values (22, 'Mada', 'mfrankisl@ning.com', 22403090, '1 Maywood Point', 'Help Desk Operator', '10+years', 22);
insert into persona (idPersona, nombre, email, telefono, direccion, ocupacion, experiencia, solicitudes_idSolicitud) values (23, 'Alair', 'adavydzenkom@google.com.au', 56217215, '925 Gerald Road', 'Operator', '6-10years', 23);
insert into persona (idPersona, nombre, email, telefono, direccion, ocupacion, experiencia, solicitudes_idSolicitud) values (24, 'Jany', 'jkielyn@bandcamp.com', 14110359, '9384 Thierer Avenue', 'Food Chemist', '1-2years', 24);
insert into persona (idPersona, nombre, email, telefono, direccion, ocupacion, experiencia, solicitudes_idSolicitud) values (25, 'Winston', 'wtunnocko@kickstarter.com', 68809336, '186 Buell Park', 'Database Administrator IV', '3-5years', 25);
insert into persona (idPersona, nombre, email, telefono, direccion, ocupacion, experiencia, solicitudes_idSolicitud) values (26, 'Dalton', 'dfeldmusp@skype.com', 70556329, '666 Emmet Center', 'Pharmacist', '6-10years', 26);
insert into persona (idPersona, nombre, email, telefono, direccion, ocupacion, experiencia, solicitudes_idSolicitud) values (27, 'Vance', 'vbeesleyq@seattletimes.com', 72855476, '12 Ridgeview Pass', 'Financial Analyst', '6-10years', 27);
insert into persona (idPersona, nombre, email, telefono, direccion, ocupacion, experiencia, solicitudes_idSolicitud) values (28, 'Pegeen', 'pdeardenr@soundcloud.com', 26853788, '81135 Crescent Oaks Alley', 'Tax Accountant', '3-5years', 28);
insert into persona (idPersona, nombre, email, telefono, direccion, ocupacion, experiencia, solicitudes_idSolicitud) values (29, 'Geoffry', 'gheitzs@dedecms.com', 9645494, '18391 Erie Junction', 'Environmental Specialist', '1-2years', 29);
insert into persona (idPersona, nombre, email, telefono, direccion, ocupacion, experiencia, solicitudes_idSolicitud) values (30, 'Wilow', 'wcorringtont@xrea.com', 49634952, '8989 Anzinger Circle', 'Financial Analyst', '10+years', 30);
insert into persona (idPersona, nombre, email, telefono, direccion, ocupacion, experiencia, solicitudes_idSolicitud) values (31, 'Phaidra', 'pgeryu@salon.com', 33051997, '166 Merchant Parkway', 'Research Associate', '10+years', 31);
insert into persona (idPersona, nombre, email, telefono, direccion, ocupacion, experiencia, solicitudes_idSolicitud) values (32, 'Devlin', 'derrichelliv@macromedia.com', 37032784, '735 Porter Street', 'Product Engineer', '3-5years', 32);
insert into persona (idPersona, nombre, email, telefono, direccion, ocupacion, experiencia, solicitudes_idSolicitud) values (33, 'Glenda', 'grisboroughw@sourceforge.net', 54865636, '226 Rockefeller Court', 'Physical Therapy Assistant', '10+years', 33);
insert into persona (idPersona, nombre, email, telefono, direccion, ocupacion, experiencia, solicitudes_idSolicitud) values (34, 'Cherie', 'cmachostiex@squarespace.com', 51167167, '76647 Longview Park', 'VP Quality Control', '3-5years', 34);
insert into persona (idPersona, nombre, email, telefono, direccion, ocupacion, experiencia, solicitudes_idSolicitud) values (35, 'Erinn', 'eingledowy@lulu.com', 74472164, '6 Victoria Plaza', 'Librarian', '6-10years', 35);
insert into persona (idPersona, nombre, email, telefono, direccion, ocupacion, experiencia, solicitudes_idSolicitud) values (36, 'Bartolomeo', 'bdelaneyz@google.ru', 50175665, '84793 4th Drive', 'Research Associate', '3-5years', 36);
insert into persona (idPersona, nombre, email, telefono, direccion, ocupacion, experiencia, solicitudes_idSolicitud) values (37, 'Nicko', 'nibbitt10@who.int', 82625068, '77938 Golf Course Lane', 'Analog Circuit Design manager', '1-2years', 37);
insert into persona (idPersona, nombre, email, telefono, direccion, ocupacion, experiencia, solicitudes_idSolicitud) values (38, 'Vanna', 'vhaselgrove11@dmoz.org', 55744685, '7 Sullivan Avenue', 'Accounting Assistant II', '6-10years', 38);
insert into persona (idPersona, nombre, email, telefono, direccion, ocupacion, experiencia, solicitudes_idSolicitud) values (39, 'Joel', 'jcastille12@cbslocal.com', 2714584, '530 Kim Point', 'Paralegal', '6-10years', 39);
insert into persona (idPersona, nombre, email, telefono, direccion, ocupacion, experiencia, solicitudes_idSolicitud) values (40, 'Perren', 'pswetmore13@slashdot.org', 43418637, '9886 Katie Center', 'Environmental Tech', '3-5years', 40);
insert into persona (idPersona, nombre, email, telefono, direccion, ocupacion, experiencia, solicitudes_idSolicitud) values (41, 'Jeffy', 'jkornyakov14@engadget.com', 37199761, '8154 Scott Lane', 'Staff Scientist', '3-5years', 41);
insert into persona (idPersona, nombre, email, telefono, direccion, ocupacion, experiencia, solicitudes_idSolicitud) values (42, 'Anthe', 'araistrick15@acquirethisname.com', 62513502, '41 Kedzie Avenue', 'Chemical Engineer', '10+years', 42);
insert into persona (idPersona, nombre, email, telefono, direccion, ocupacion, experiencia, solicitudes_idSolicitud) values (43, 'Colline', 'cwishart16@tinypic.com', 27933147, '436 Graedel Terrace', 'Administrative Officer', '1-2years', 43);
insert into persona (idPersona, nombre, email, telefono, direccion, ocupacion, experiencia, solicitudes_idSolicitud) values (44, 'Lorant', 'lnorthwood17@va.gov', 64266575, '4 Claremont Park', 'Developer I', '10+years', 44);
insert into persona (idPersona, nombre, email, telefono, direccion, ocupacion, experiencia, solicitudes_idSolicitud) values (45, 'Jesse', 'jwoolam18@illinois.edu', 60992105, '7773 Little Fleur Avenue', 'Technical Writer', '1-2years', 45);
insert into persona (idPersona, nombre, email, telefono, direccion, ocupacion, experiencia, solicitudes_idSolicitud) values (46, 'Sanders', 'skobera19@webnode.com', 94377776, '92740 Reindahl Circle', 'Professor', '3-5years', 46);
insert into persona (idPersona, nombre, email, telefono, direccion, ocupacion, experiencia, solicitudes_idSolicitud) values (47, 'Kakalina', 'kcrowche1a@ftc.gov', 34498930, '05 Fallview Street', 'Administrative Assistant II', '1-2years', 47);
insert into persona (idPersona, nombre, email, telefono, direccion, ocupacion, experiencia, solicitudes_idSolicitud) values (48, 'Kathy', 'kryall1b@phoca.cz', 54848242, '51 Charing Cross Drive', 'Automation Specialist IV', '10+years', 48);
insert into persona (idPersona, nombre, email, telefono, direccion, ocupacion, experiencia, solicitudes_idSolicitud) values (49, 'Katerina', 'kdenington1c@imgur.com', 72791270, '793 Dottie Pass', 'Desktop Support Technician', '10+years', 49);
insert into persona (idPersona, nombre, email, telefono, direccion, ocupacion, experiencia, solicitudes_idSolicitud) values (50, 'Terrel', 'tglasby1d@4shared.com', 51324642, '0 Swallow Way', 'Pharmacist', '10+years', 50);
insert into persona (idPersona, nombre, email, telefono, direccion, ocupacion, experiencia, solicitudes_idSolicitud) values (51, 'Berkeley', 'brumke1e@elegantthemes.com', 28054095, '73602 Lake View Road', 'Executive Secretary', '6-10years', 51);
insert into persona (idPersona, nombre, email, telefono, direccion, ocupacion, experiencia, solicitudes_idSolicitud) values (52, 'Winona', 'wzapater1f@army.mil', 22329683, '4325 Cottonwood Trail', 'General Manager', '1-2years', 52);
insert into persona (idPersona, nombre, email, telefono, direccion, ocupacion, experiencia, solicitudes_idSolicitud) values (53, 'Ailee', 'atice1g@cbc.ca', 94235913, '427 Hermina Street', 'Research Associate', '3-5years', 53);
insert into persona (idPersona, nombre, email, telefono, direccion, ocupacion, experiencia, solicitudes_idSolicitud) values (54, 'Joyce', 'jrummin1h@blog.com', 97087237, '58524 Nova Point', 'Geologist II', '3-5years', 54);
insert into persona (idPersona, nombre, email, telefono, direccion, ocupacion, experiencia, solicitudes_idSolicitud) values (55, 'Griswold', 'gmacoun1i@forbes.com', 3683219, '39284 Green Ridge Center', 'Computer Systems Analyst I', '3-5years', 55);
insert into persona (idPersona, nombre, email, telefono, direccion, ocupacion, experiencia, solicitudes_idSolicitud) values (56, 'Marjie', 'mtohill1j@infoseek.co.jp', 47056713, '63317 Lien Street', 'VP Product Management', '3-5years', 56);
insert into persona (idPersona, nombre, email, telefono, direccion, ocupacion, experiencia, solicitudes_idSolicitud) values (57, 'Jeana', 'jisgar1k@freewebs.com', 71612863, '47 Center Court', 'Environmental Tech', '1-2years', 57);
insert into persona (idPersona, nombre, email, telefono, direccion, ocupacion, experiencia, solicitudes_idSolicitud) values (58, 'Nicko', 'nroland1l@photobucket.com', 93560698, '86 Glacier Hill Avenue', 'Research Associate', '6-10years', 58);
insert into persona (idPersona, nombre, email, telefono, direccion, ocupacion, experiencia, solicitudes_idSolicitud) values (59, 'Bevon', 'bdeesly1m@msn.com', 47065258, '324 Cottonwood Crossing', 'Physical Therapy Assistant', '6-10years', 59);
insert into persona (idPersona, nombre, email, telefono, direccion, ocupacion, experiencia, solicitudes_idSolicitud) values (60, 'Ross', 'rrothwell1n@about.me', 95535808, '6 Rowland Crossing', 'Analog Circuit Design manager', '1-2years', 60);
insert into persona (idPersona, nombre, email, telefono, direccion, ocupacion, experiencia, solicitudes_idSolicitud) values (61, 'Marie-jeanne', 'mvanschafflaer1o@infoseek.co.jp', 61927138, '457 Ronald Regan Pass', 'Senior Editor', '3-5years', 61);
insert into persona (idPersona, nombre, email, telefono, direccion, ocupacion, experiencia, solicitudes_idSolicitud) values (62, 'Zachery', 'zgoodspeed1p@gov.uk', 4586587, '17716 Bowman Pass', 'Registered Nurse', '3-5years', 62);
insert into persona (idPersona, nombre, email, telefono, direccion, ocupacion, experiencia, solicitudes_idSolicitud) values (63, 'Wald', 'wspadazzi1q@woothemes.com', 97573606, '739 Morning Court', 'Community Outreach Specialist', '6-10years', 63);
insert into persona (idPersona, nombre, email, telefono, direccion, ocupacion, experiencia, solicitudes_idSolicitud) values (64, 'Bartel', 'blooks1r@newyorker.com', 83994466, '94 Texas Road', 'Programmer IV', '1-2years', 64);
insert into persona (idPersona, nombre, email, telefono, direccion, ocupacion, experiencia, solicitudes_idSolicitud) values (65, 'Oates', 'omenere1s@nyu.edu', 47207791, '4769 Talmadge Circle', 'Actuary', '3-5years', 65);
insert into persona (idPersona, nombre, email, telefono, direccion, ocupacion, experiencia, solicitudes_idSolicitud) values (66, 'Aluino', 'akettley1t@nhs.uk', 69633098, '733 Bluestem Alley', 'Assistant Media Planner', '10+years', 66);
insert into persona (idPersona, nombre, email, telefono, direccion, ocupacion, experiencia, solicitudes_idSolicitud) values (67, 'Jamesy', 'jspridgen1u@unesco.org', 75431683, '12 Crest Line Place', 'Electrical Engineer', '10+years', 67);
insert into persona (idPersona, nombre, email, telefono, direccion, ocupacion, experiencia, solicitudes_idSolicitud) values (68, 'Ozzie', 'oodempsey1v@stumbleupon.com', 56705858, '8882 Fairview Point', 'Data Coordinator', '1-2years', 68);
insert into persona (idPersona, nombre, email, telefono, direccion, ocupacion, experiencia, solicitudes_idSolicitud) values (69, 'Nicolle', 'npunton1w@seattletimes.com', 68547374, '501 Porter Crossing', 'Professor', '3-5years', 69);
insert into persona (idPersona, nombre, email, telefono, direccion, ocupacion, experiencia, solicitudes_idSolicitud) values (70, 'Hi', 'hmarritt1x@youtube.com', 42882706, '05 Steensland Center', 'Nurse', '10+years', 70);
insert into persona (idPersona, nombre, email, telefono, direccion, ocupacion, experiencia, solicitudes_idSolicitud) values (71, 'Nanice', 'nrowling1y@hp.com', 9617467, '16 Roth Court', 'Librarian', '3-5years', 71);
insert into persona (idPersona, nombre, email, telefono, direccion, ocupacion, experiencia, solicitudes_idSolicitud) values (72, 'Heloise', 'hcantillon1z@utexas.edu', 64927580, '70 Sunbrook Terrace', 'Human Resources Assistant III', '6-10years', 72);
insert into persona (idPersona, nombre, email, telefono, direccion, ocupacion, experiencia, solicitudes_idSolicitud) values (73, 'Curtice', 'cluparto20@amazonaws.com', 39136627, '2474 Golden Leaf Parkway', 'Data Coordinator', '1-2years', 73);
insert into persona (idPersona, nombre, email, telefono, direccion, ocupacion, experiencia, solicitudes_idSolicitud) values (74, 'Eadie', 'eantosik21@shutterfly.com', 23150315, '07579 Clarendon Plaza', 'Data Coordinator', '10+years', 74);
insert into persona (idPersona, nombre, email, telefono, direccion, ocupacion, experiencia, solicitudes_idSolicitud) values (75, 'Felice', 'fwhitsun22@bandcamp.com', 54296822, '18539 Crescent Oaks Park', 'Software Test Engineer II', '3-5years', 75);
insert into persona (idPersona, nombre, email, telefono, direccion, ocupacion, experiencia, solicitudes_idSolicitud) values (76, 'Toby', 'tsolley23@indiegogo.com', 72690397, '02 Arkansas Circle', 'Mechanical Systems Engineer', '10+years', 76);
insert into persona (idPersona, nombre, email, telefono, direccion, ocupacion, experiencia, solicitudes_idSolicitud) values (77, 'Valerie', 'vwarrack24@youtube.com', 75660307, '83388 Lukken Plaza', 'Nuclear Power Engineer', '3-5years', 77);
insert into persona (idPersona, nombre, email, telefono, direccion, ocupacion, experiencia, solicitudes_idSolicitud) values (78, 'Aila', 'ahannabuss25@cyberchimps.com', 1822362, '3590 Caliangt Parkway', 'Senior Editor', '6-10years', 78);
insert into persona (idPersona, nombre, email, telefono, direccion, ocupacion, experiencia, solicitudes_idSolicitud) values (79, 'Kristian', 'kbickmore26@jugem.jp', 95253609, '365 Sachs Circle', 'Graphic Designer', '1-2years', 79);
insert into persona (idPersona, nombre, email, telefono, direccion, ocupacion, experiencia, solicitudes_idSolicitud) values (80, 'Marena', 'mjiricka27@indiegogo.com', 37804322, '6 Del Mar Park', 'Developer IV', '10+years', 80);
insert into persona (idPersona, nombre, email, telefono, direccion, ocupacion, experiencia, solicitudes_idSolicitud) values (81, 'Hans', 'hbales28@alibaba.com', 45135163, '18 Stuart Alley', 'Account Representative IV', '3-5years', 81);
insert into persona (idPersona, nombre, email, telefono, direccion, ocupacion, experiencia, solicitudes_idSolicitud) values (82, 'Ludwig', 'lricoald29@live.com', 24819124, '693 South Crossing', 'Financial Advisor', '1-2years', 82);
insert into persona (idPersona, nombre, email, telefono, direccion, ocupacion, experiencia, solicitudes_idSolicitud) values (83, 'Cynthea', 'cmacguigan2a@soundcloud.com', 88956949, '897 Sycamore Way', 'Recruiting Manager', '1-2years', 83);
insert into persona (idPersona, nombre, email, telefono, direccion, ocupacion, experiencia, solicitudes_idSolicitud) values (84, 'Nanci', 'ngoodnow2b@techcrunch.com', 2113714, '206 Utah Crossing', 'Automation Specialist II', '3-5years', 84);
insert into persona (idPersona, nombre, email, telefono, direccion, ocupacion, experiencia, solicitudes_idSolicitud) values (85, 'Francene', 'fmoyes2c@wsj.com', 2493021, '34309 Fremont Court', 'Help Desk Operator', '6-10years', 85);
insert into persona (idPersona, nombre, email, telefono, direccion, ocupacion, experiencia, solicitudes_idSolicitud) values (86, 'Arlee', 'abackman2d@wiley.com', 17733285, '683 Bay Park', 'Automation Specialist III', '1-2years', 86);
insert into persona (idPersona, nombre, email, telefono, direccion, ocupacion, experiencia, solicitudes_idSolicitud) values (87, 'Gwenora', 'gverni2e@redcross.org', 11370590, '294 Dovetail Way', 'Assistant Media Planner', '6-10years', 87);
insert into persona (idPersona, nombre, email, telefono, direccion, ocupacion, experiencia, solicitudes_idSolicitud) values (88, 'Thorsten', 'tbestar2f@prweb.com', 11860682, '85861 Towne Drive', 'Environmental Tech', '3-5years', 88);
insert into persona (idPersona, nombre, email, telefono, direccion, ocupacion, experiencia, solicitudes_idSolicitud) values (89, 'Kristal', 'knyles2g@gmpg.org', 5301704, '1 Brentwood Trail', 'Quality Engineer', '6-10years', 89);
insert into persona (idPersona, nombre, email, telefono, direccion, ocupacion, experiencia, solicitudes_idSolicitud) values (90, 'Ladonna', 'lsweett2h@ebay.com', 99160291, '575 Westridge Street', 'Software Test Engineer I', '10+years', 90);
insert into persona (idPersona, nombre, email, telefono, direccion, ocupacion, experiencia, solicitudes_idSolicitud) values (91, 'Chauncey', 'cwaszczykowski2i@hao123.com', 57258890, '527 Fisk Trail', 'VP Marketing', '1-2years', 91);
insert into persona (idPersona, nombre, email, telefono, direccion, ocupacion, experiencia, solicitudes_idSolicitud) values (92, 'Marieann', 'mpear2j@w3.org', 86529483, '8823 Kenwood Terrace', 'Design Engineer', '6-10years', 92);
insert into persona (idPersona, nombre, email, telefono, direccion, ocupacion, experiencia, solicitudes_idSolicitud) values (93, 'Finn', 'fyeulet2k@springer.com', 18468301, '3314 Gale Avenue', 'Paralegal', '1-2years', 93);
insert into persona (idPersona, nombre, email, telefono, direccion, ocupacion, experiencia, solicitudes_idSolicitud) values (94, 'Mariquilla', 'mcheverell2l@sciencedirect.com', 20921139, '378 Aberg Junction', 'Paralegal', '3-5years', 94);
insert into persona (idPersona, nombre, email, telefono, direccion, ocupacion, experiencia, solicitudes_idSolicitud) values (95, 'Fransisco', 'ftreasaden2m@skype.com', 67790351, '5 Merchant Drive', 'Help Desk Technician', '10+years', 95);
insert into persona (idPersona, nombre, email, telefono, direccion, ocupacion, experiencia, solicitudes_idSolicitud) values (96, 'Lorene', 'lwarrior2n@com.com', 21077691, '85913 Merrick Drive', 'Assistant Media Planner', '10+years', 96);
insert into persona (idPersona, nombre, email, telefono, direccion, ocupacion, experiencia, solicitudes_idSolicitud) values (97, 'Gregorio', 'grickword2o@narod.ru', 87268257, '484 Buell Terrace', 'Librarian', '1-2years', 97);
insert into persona (idPersona, nombre, email, telefono, direccion, ocupacion, experiencia, solicitudes_idSolicitud) values (98, 'Hestia', 'hanfonsi2p@infoseek.co.jp', 64971083, '5437 Sommers Way', 'Environmental Specialist', '1-2years', 98);
insert into persona (idPersona, nombre, email, telefono, direccion, ocupacion, experiencia, solicitudes_idSolicitud) values (99, 'Maia', 'mmathys2q@wordpress.com', 29783522, '7 Memorial Hill', 'VP Marketing', '10+years', 99);
insert into persona (idPersona, nombre, email, telefono, direccion, ocupacion, experiencia, solicitudes_idSolicitud) values (100, 'Lurlene', 'lsmidmoor2r@joomla.org', 74902659, '3239 Farmco Parkway', 'Human Resources Assistant I', '6-10years', 100);


insert into animal (idAnimal, nombre, especie, raza, edad, descripcion, genero, solicitudes_idSolicitud) values (1, 'Nady', 'Reptile', 'Parakeet', 4, 'sapien urna pretium nisl ut volutpat sapien arcu sed augue aliquam erat volutpat in congue', 'Unknown', 1);
insert into animal (idAnimal, nombre, especie, raza, edad, descripcion, genero, solicitudes_idSolicitud) values (2, 'Alasteir', 'Rodent', 'Tabby', 7, 'donec quis orci eget orci vehicula condimentum curabitur in libero ut massa volutpat convallis morbi odio odio', 'Female', 2);
insert into animal (idAnimal, nombre, especie, raza, edad, descripcion, genero, solicitudes_idSolicitud) values (3, 'Tera', 'Dog', 'Tabby', 27, 'diam id ornare imperdiet sapien urna pretium nisl ut volutpat sapien arcu sed augue aliquam erat volutpat in congue', 'Female', 3);
insert into animal (idAnimal, nombre, especie, raza, edad, descripcion, genero, solicitudes_idSolicitud) values (4, 'Lefty', 'Reptile', 'Siamese', 5, 'orci luctus et ultrices posuere cubilia curae mauris viverra diam vitae quam suspendisse', 'Female', 4);
insert into animal (idAnimal, nombre, especie, raza, edad, descripcion, genero, solicitudes_idSolicitud) values (5, 'Juieta', 'Bird', 'Poodle', 25, 'praesent blandit nam nulla integer pede justo lacinia eget tincidunt eget tempus vel pede morbi porttitor lorem', 'Male', 5);
insert into animal (idAnimal, nombre, especie, raza, edad, descripcion, genero, solicitudes_idSolicitud) values (6, 'Cacilia', 'Rodent', 'Gerbil', 5, 'congue elementum in hac habitasse platea dictumst morbi vestibulum velit id pretium iaculis diam erat fermentum justo nec condimentum neque', 'Unknown', 6);
insert into animal (idAnimal, nombre, especie, raza, edad, descripcion, genero, solicitudes_idSolicitud) values (7, 'Angil', 'Cat', 'Tabby', 4, 'justo pellentesque viverra pede ac diam cras pellentesque volutpat dui maecenas tristique est et tempus semper est', 'Male', 7);
insert into animal (idAnimal, nombre, especie, raza, edad, descripcion, genero, solicitudes_idSolicitud) values (8, 'Gill', 'Rodent', 'Poodle', 23, 'cursus vestibulum proin eu mi nulla ac enim in tempor turpis nec euismod', 'Female', 8);
insert into animal (idAnimal, nombre, especie, raza, edad, descripcion, genero, solicitudes_idSolicitud) values (9, 'Maure', 'Cat', 'Python', 29, 'est lacinia nisi venenatis tristique fusce congue diam id ornare imperdiet sapien urna pretium', 'Female', 9);
insert into animal (idAnimal, nombre, especie, raza, edad, descripcion, genero, solicitudes_idSolicitud) values (10, 'Jillene', 'Dog', 'Parakeet', 22, 'risus praesent lectus vestibulum quam sapien varius ut blandit non interdum in ante vestibulum ante ipsum primis in faucibus orci', 'Male', 10);
insert into animal (idAnimal, nombre, especie, raza, edad, descripcion, genero, solicitudes_idSolicitud) values (11, 'Ilene', 'Reptile', 'Labrador', 25, 'lectus suspendisse potenti in eleifend quam a odio in hac habitasse platea dictumst maecenas ut massa quis augue', 'Unknown', 11);
insert into animal (idAnimal, nombre, especie, raza, edad, descripcion, genero, solicitudes_idSolicitud) values (12, 'Merrie', 'Dog', 'Python', 8, 'luctus nec molestie sed justo pellentesque viverra pede ac diam cras pellentesque', 'Unknown', 12);
insert into animal (idAnimal, nombre, especie, raza, edad, descripcion, genero, solicitudes_idSolicitud) values (13, 'Wiatt', 'Dog', 'Siamese', 22, 'mauris non ligula pellentesque ultrices phasellus id sapien in sapien iaculis congue', 'Unknown', 13);
insert into animal (idAnimal, nombre, especie, raza, edad, descripcion, genero, solicitudes_idSolicitud) values (14, 'Robinia', 'Reptile', 'Poodle', 22, 'morbi sem mauris laoreet ut rhoncus aliquet pulvinar sed nisl nunc rhoncus dui vel sem sed', 'Female', 14);
insert into animal (idAnimal, nombre, especie, raza, edad, descripcion, genero, solicitudes_idSolicitud) values (15, 'Trenna', 'Cat', 'Python', 15, 'nisi venenatis tristique fusce congue diam id ornare imperdiet sapien', 'Unknown', 15);
insert into animal (idAnimal, nombre, especie, raza, edad, descripcion, genero, solicitudes_idSolicitud) values (16, 'Jeremie', 'Bird', 'Siamese', 19, 'vel accumsan tellus nisi eu orci mauris lacinia sapien quis libero nullam sit amet turpis', 'Female', 16);
insert into animal (idAnimal, nombre, especie, raza, edad, descripcion, genero, solicitudes_idSolicitud) values (17, 'Carmela', 'Cat', 'Siamese', 25, 'nonummy integer non velit donec diam neque vestibulum eget vulputate ut', 'Male', 17);
insert into animal (idAnimal, nombre, especie, raza, edad, descripcion, genero, solicitudes_idSolicitud) values (18, 'Erin', 'Rodent', 'Tabby', 14, 'mattis odio donec vitae nisi nam ultrices libero non mattis pulvinar nulla pede ullamcorper augue', 'Unknown', 18);
insert into animal (idAnimal, nombre, especie, raza, edad, descripcion, genero, solicitudes_idSolicitud) values (19, 'Rania', 'Cat', 'Tabby', 17, 'in eleifend quam a odio in hac habitasse platea dictumst maecenas ut massa quis augue luctus tincidunt', 'Male', 19);
insert into animal (idAnimal, nombre, especie, raza, edad, descripcion, genero, solicitudes_idSolicitud) values (20, 'Royal', 'Rodent', 'Gerbil', 25, 'tincidunt lacus at velit vivamus vel nulla eget eros elementum pellentesque quisque porta volutpat', 'Female', 20);
insert into animal (idAnimal, nombre, especie, raza, edad, descripcion, genero, solicitudes_idSolicitud) values (21, 'Verene', 'Dog', 'Python', 21, 'aliquam quis turpis eget elit sodales scelerisque mauris sit amet eros', 'Male', 21);
insert into animal (idAnimal, nombre, especie, raza, edad, descripcion, genero, solicitudes_idSolicitud) values (22, 'Iris', 'Reptile', 'Tabby', 29, 'aliquet massa id lobortis convallis tortor risus dapibus augue vel accumsan tellus nisi eu orci', 'Unknown', 22);
insert into animal (idAnimal, nombre, especie, raza, edad, descripcion, genero, solicitudes_idSolicitud) values (23, 'Lyman', 'Rodent', 'Python', 30, 'nisl duis bibendum felis sed interdum venenatis turpis enim blandit mi in porttitor pede', 'Male', 23);
insert into animal (idAnimal, nombre, especie, raza, edad, descripcion, genero, solicitudes_idSolicitud) values (24, 'Thomasine', 'Dog', 'Gerbil', 19, 'blandit mi in porttitor pede justo eu massa donec dapibus duis at velit eu', 'Female', 24);
insert into animal (idAnimal, nombre, especie, raza, edad, descripcion, genero, solicitudes_idSolicitud) values (25, 'Peterus', 'Dog', 'Siamese', 11, 'metus arcu adipiscing molestie hendrerit at vulputate vitae nisl aenean lectus pellentesque eget nunc donec quis orci eget orci', 'Female', 25);
insert into animal (idAnimal, nombre, especie, raza, edad, descripcion, genero, solicitudes_idSolicitud) values (26, 'Sim', 'Bird', 'Poodle', 17, 'nulla ultrices aliquet maecenas leo odio condimentum id luctus nec molestie sed justo pellentesque viverra pede ac diam', 'Male', 26);
insert into animal (idAnimal, nombre, especie, raza, edad, descripcion, genero, solicitudes_idSolicitud) values (27, 'Gillian', 'Bird', 'Siamese', 28, 'risus auctor sed tristique in tempus sit amet sem fusce', 'Unknown', 27);
insert into animal (idAnimal, nombre, especie, raza, edad, descripcion, genero, solicitudes_idSolicitud) values (28, 'Bellanca', 'Rodent', 'Tabby', 24, 'pretium iaculis justo in hac habitasse platea dictumst etiam faucibus cursus urna ut tellus nulla ut erat id', 'Unknown', 28);
insert into animal (idAnimal, nombre, especie, raza, edad, descripcion, genero, solicitudes_idSolicitud) values (29, 'Paulette', 'Rodent', 'Labrador', 20, 'morbi non lectus aliquam sit amet diam in magna bibendum imperdiet nullam', 'Female', 29);
insert into animal (idAnimal, nombre, especie, raza, edad, descripcion, genero, solicitudes_idSolicitud) values (30, 'Desiri', 'Dog', 'Labrador', 25, 'suspendisse ornare consequat lectus in est risus auctor sed tristique in', 'Male', 30);
insert into animal (idAnimal, nombre, especie, raza, edad, descripcion, genero, solicitudes_idSolicitud) values (31, 'Jonathon', 'Rodent', 'Gerbil', 13, 'rhoncus aliquam lacus morbi quis tortor id nulla ultrices aliquet maecenas leo odio condimentum', 'Female', 31);
insert into animal (idAnimal, nombre, especie, raza, edad, descripcion, genero, solicitudes_idSolicitud) values (32, 'Yanaton', 'Reptile', 'Parakeet', 4, 'ultrices aliquet maecenas leo odio condimentum id luctus nec molestie sed justo pellentesque viverra pede ac diam cras pellentesque', 'Female', 32);
insert into animal (idAnimal, nombre, especie, raza, edad, descripcion, genero, solicitudes_idSolicitud) values (33, 'Sallyanne', 'Bird', 'Parakeet', 27, 'nonummy maecenas tincidunt lacus at velit vivamus vel nulla eget eros elementum pellentesque', 'Male', 33);
insert into animal (idAnimal, nombre, especie, raza, edad, descripcion, genero, solicitudes_idSolicitud) values (34, 'Lotty', 'Cat', 'Siamese', 26, 'proin eu mi nulla ac enim in tempor turpis nec euismod scelerisque quam turpis adipiscing lorem vitae mattis nibh ligula', 'Female', 34);
insert into animal (idAnimal, nombre, especie, raza, edad, descripcion, genero, solicitudes_idSolicitud) values (35, 'Koenraad', 'Reptile', 'Tabby', 1, 'id sapien in sapien iaculis congue vivamus metus arcu adipiscing molestie hendrerit', 'Male', 35);
insert into animal (idAnimal, nombre, especie, raza, edad, descripcion, genero, solicitudes_idSolicitud) values (36, 'Esteban', 'Bird', 'Tabby', 5, 'praesent lectus vestibulum quam sapien varius ut blandit non interdum in ante', 'Unknown', 36);
insert into animal (idAnimal, nombre, especie, raza, edad, descripcion, genero, solicitudes_idSolicitud) values (37, 'Beverley', 'Cat', 'Parakeet', 9, 'vestibulum ante ipsum primis in faucibus orci luctus et ultrices', 'Female', 37);
insert into animal (idAnimal, nombre, especie, raza, edad, descripcion, genero, solicitudes_idSolicitud) values (38, 'Milty', 'Dog', 'Labrador', 18, 'phasellus id sapien in sapien iaculis congue vivamus metus arcu adipiscing molestie hendrerit at vulputate vitae nisl aenean lectus pellentesque', 'Unknown', 38);
insert into animal (idAnimal, nombre, especie, raza, edad, descripcion, genero, solicitudes_idSolicitud) values (39, 'Bradly', 'Rodent', 'Labrador', 0, 'luctus rutrum nulla tellus in sagittis dui vel nisl duis ac nibh fusce lacus purus aliquet at feugiat', 'Male', 39);
insert into animal (idAnimal, nombre, especie, raza, edad, descripcion, genero, solicitudes_idSolicitud) values (40, 'Toni', 'Cat', 'Labrador', 1, 'fermentum justo nec condimentum neque sapien placerat ante nulla justo aliquam quis turpis eget elit sodales scelerisque mauris sit amet', 'Female', 40);
insert into animal (idAnimal, nombre, especie, raza, edad, descripcion, genero, solicitudes_idSolicitud) values (41, 'Vail', 'Dog', 'Tabby', 13, 'proin leo odio porttitor id consequat in consequat ut nulla sed accumsan felis ut at dolor', 'Female', 41);
insert into animal (idAnimal, nombre, especie, raza, edad, descripcion, genero, solicitudes_idSolicitud) values (42, 'Roley', 'Cat', 'Python', 14, 'eu est congue elementum in hac habitasse platea dictumst morbi vestibulum velit id', 'Male', 42);
insert into animal (idAnimal, nombre, especie, raza, edad, descripcion, genero, solicitudes_idSolicitud) values (43, 'Caitlin', 'Cat', 'Poodle', 4, 'vitae mattis nibh ligula nec sem duis aliquam convallis nunc proin at', 'Unknown', 43);
insert into animal (idAnimal, nombre, especie, raza, edad, descripcion, genero, solicitudes_idSolicitud) values (44, 'Codee', 'Cat', 'Poodle', 24, 'convallis morbi odio odio elementum eu interdum eu tincidunt in leo maecenas pulvinar lobortis est', 'Unknown', 44);
insert into animal (idAnimal, nombre, especie, raza, edad, descripcion, genero, solicitudes_idSolicitud) values (45, 'Benoit', 'Rodent', 'Siamese', 22, 'nulla tempus vivamus in felis eu sapien cursus vestibulum proin eu mi nulla ac enim in tempor turpis', 'Unknown', 45);
insert into animal (idAnimal, nombre, especie, raza, edad, descripcion, genero, solicitudes_idSolicitud) values (46, 'Vickie', 'Rodent', 'Gerbil', 17, 'ligula sit amet eleifend pede libero quis orci nullam molestie nibh in lectus pellentesque at nulla', 'Male', 46);
insert into animal (idAnimal, nombre, especie, raza, edad, descripcion, genero, solicitudes_idSolicitud) values (47, 'Pansie', 'Dog', 'Parakeet', 30, 'fermentum donec ut mauris eget massa tempor convallis nulla neque libero convallis eget eleifend', 'Female', 47);
insert into animal (idAnimal, nombre, especie, raza, edad, descripcion, genero, solicitudes_idSolicitud) values (48, 'Wren', 'Bird', 'Parakeet', 14, 'volutpat dui maecenas tristique est et tempus semper est quam pharetra magna ac consequat', 'Male', 48);
insert into animal (idAnimal, nombre, especie, raza, edad, descripcion, genero, solicitudes_idSolicitud) values (49, 'Aubrey', 'Reptile', 'Parakeet', 2, 'tempor convallis nulla neque libero convallis eget eleifend luctus ultricies eu nibh', 'Unknown', 49);
insert into animal (idAnimal, nombre, especie, raza, edad, descripcion, genero, solicitudes_idSolicitud) values (50, 'Shaw', 'Reptile', 'Parakeet', 7, 'neque vestibulum eget vulputate ut ultrices vel augue vestibulum ante ipsum primis in faucibus orci', 'Male', 50);
insert into animal (idAnimal, nombre, especie, raza, edad, descripcion, genero, solicitudes_idSolicitud) values (51, 'Myrwyn', 'Rodent', 'Poodle', 5, 'bibendum morbi non quam nec dui luctus rutrum nulla tellus in sagittis dui vel nisl duis ac nibh', 'Unknown', 51);
insert into animal (idAnimal, nombre, especie, raza, edad, descripcion, genero, solicitudes_idSolicitud) values (52, 'Elnora', 'Reptile', 'Labrador', 12, 'volutpat erat quisque erat eros viverra eget congue eget semper rutrum nulla nunc purus phasellus in felis', 'Female', 52);
insert into animal (idAnimal, nombre, especie, raza, edad, descripcion, genero, solicitudes_idSolicitud) values (53, 'Alexander', 'Reptile', 'Labrador', 1, 'nulla elit ac nulla sed vel enim sit amet nunc viverra dapibus nulla suscipit', 'Male', 53);
insert into animal (idAnimal, nombre, especie, raza, edad, descripcion, genero, solicitudes_idSolicitud) values (54, 'Iris', 'Dog', 'Python', 29, 'aliquet at feugiat non pretium quis lectus suspendisse potenti in eleifend quam', 'Male', 54);
insert into animal (idAnimal, nombre, especie, raza, edad, descripcion, genero, solicitudes_idSolicitud) values (55, 'Coretta', 'Bird', 'Parakeet', 28, 'phasellus id sapien in sapien iaculis congue vivamus metus arcu', 'Female', 55);
insert into animal (idAnimal, nombre, especie, raza, edad, descripcion, genero, solicitudes_idSolicitud) values (56, 'Linc', 'Reptile', 'Tabby', 7, 'augue vestibulum rutrum rutrum neque aenean auctor gravida sem praesent id massa id nisl venenatis lacinia aenean', 'Female', 56);
insert into animal (idAnimal, nombre, especie, raza, edad, descripcion, genero, solicitudes_idSolicitud) values (57, 'Nanete', 'Dog', 'Gerbil', 3, 'quisque id justo sit amet sapien dignissim vestibulum vestibulum ante ipsum primis in faucibus orci luctus', 'Unknown', 57);
insert into animal (idAnimal, nombre, especie, raza, edad, descripcion, genero, solicitudes_idSolicitud) values (58, 'Nissy', 'Reptile', 'Parakeet', 7, 'eget massa tempor convallis nulla neque libero convallis eget eleifend luctus ultricies', 'Female', 58);
insert into animal (idAnimal, nombre, especie, raza, edad, descripcion, genero, solicitudes_idSolicitud) values (59, 'Bjorn', 'Rodent', 'Gerbil', 6, 'dignissim vestibulum vestibulum ante ipsum primis in faucibus orci luctus et ultrices posuere', 'Female', 59);
insert into animal (idAnimal, nombre, especie, raza, edad, descripcion, genero, solicitudes_idSolicitud) values (60, 'Georgia', 'Bird', 'Siamese', 17, 'in quis justo maecenas rhoncus aliquam lacus morbi quis tortor id', 'Female', 60);
insert into animal (idAnimal, nombre, especie, raza, edad, descripcion, genero, solicitudes_idSolicitud) values (61, 'Sawyere', 'Bird', 'Parakeet', 17, 'dolor vel est donec odio justo sollicitudin ut suscipit a feugiat et eros vestibulum ac', 'Male', 61);
insert into animal (idAnimal, nombre, especie, raza, edad, descripcion, genero, solicitudes_idSolicitud) values (62, 'Ronny', 'Bird', 'Labrador', 8, 'consectetuer eget rutrum at lorem integer tincidunt ante vel ipsum praesent blandit lacinia erat vestibulum sed magna at', 'Unknown', 62);
insert into animal (idAnimal, nombre, especie, raza, edad, descripcion, genero, solicitudes_idSolicitud) values (63, 'Yalonda', 'Rodent', 'Poodle', 13, 'morbi ut odio cras mi pede malesuada in imperdiet et commodo', 'Unknown', 63);
insert into animal (idAnimal, nombre, especie, raza, edad, descripcion, genero, solicitudes_idSolicitud) values (64, 'Dacia', 'Cat', 'Gerbil', 18, 'placerat praesent blandit nam nulla integer pede justo lacinia eget tincidunt eget tempus vel pede', 'Female', 64);
insert into animal (idAnimal, nombre, especie, raza, edad, descripcion, genero, solicitudes_idSolicitud) values (65, 'Mareah', 'Bird', 'Siamese', 30, 'nibh in lectus pellentesque at nulla suspendisse potenti cras in purus eu magna vulputate luctus cum sociis', 'Female', 65);
insert into animal (idAnimal, nombre, especie, raza, edad, descripcion, genero, solicitudes_idSolicitud) values (66, 'Neilla', 'Dog', 'Poodle', 19, 'sed accumsan felis ut at dolor quis odio consequat varius', 'Male', 66);
insert into animal (idAnimal, nombre, especie, raza, edad, descripcion, genero, solicitudes_idSolicitud) values (67, 'Ronnie', 'Bird', 'Python', 24, 'praesent id massa id nisl venenatis lacinia aenean sit amet justo morbi ut odio cras mi pede malesuada in', 'Male', 67);
insert into animal (idAnimal, nombre, especie, raza, edad, descripcion, genero, solicitudes_idSolicitud) values (68, 'Chiquita', 'Dog', 'Labrador', 1, 'duis aliquam convallis nunc proin at turpis a pede posuere', 'Unknown', 68);
insert into animal (idAnimal, nombre, especie, raza, edad, descripcion, genero, solicitudes_idSolicitud) values (69, 'Jermayne', 'Rodent', 'Gerbil', 3, 'orci luctus et ultrices posuere cubilia curae duis faucibus accumsan odio curabitur convallis duis consequat dui nec nisi volutpat eleifend', 'Male', 69);
insert into animal (idAnimal, nombre, especie, raza, edad, descripcion, genero, solicitudes_idSolicitud) values (70, 'Corby', 'Dog', 'Siamese', 5, 'vel augue vestibulum ante ipsum primis in faucibus orci luctus et ultrices posuere cubilia curae donec pharetra magna', 'Female', 70);
insert into animal (idAnimal, nombre, especie, raza, edad, descripcion, genero, solicitudes_idSolicitud) values (71, 'Gideon', 'Bird', 'Labrador', 27, 'volutpat eleifend donec ut dolor morbi vel lectus in quam fringilla', 'Unknown', 71);
insert into animal (idAnimal, nombre, especie, raza, edad, descripcion, genero, solicitudes_idSolicitud) values (72, 'Syman', 'Bird', 'Gerbil', 3, 'suspendisse potenti in eleifend quam a odio in hac habitasse platea dictumst maecenas ut massa', 'Female', 72);
insert into animal (idAnimal, nombre, especie, raza, edad, descripcion, genero, solicitudes_idSolicitud) values (73, 'Tisha', 'Dog', 'Gerbil', 23, 'erat fermentum justo nec condimentum neque sapien placerat ante nulla justo aliquam quis turpis eget', 'Unknown', 73);
insert into animal (idAnimal, nombre, especie, raza, edad, descripcion, genero, solicitudes_idSolicitud) values (74, 'Weber', 'Reptile', 'Poodle', 18, 'sapien cum sociis natoque penatibus et magnis dis parturient montes nascetur ridiculus mus etiam vel augue', 'Female', 74);
insert into animal (idAnimal, nombre, especie, raza, edad, descripcion, genero, solicitudes_idSolicitud) values (75, 'Oralle', 'Bird', 'Poodle', 12, 'hendrerit at vulputate vitae nisl aenean lectus pellentesque eget nunc donec quis orci eget orci vehicula condimentum curabitur', 'Unknown', 75);
insert into animal (idAnimal, nombre, especie, raza, edad, descripcion, genero, solicitudes_idSolicitud) values (76, 'Lukas', 'Dog', 'Tabby', 11, 'odio in hac habitasse platea dictumst maecenas ut massa quis augue luctus tincidunt nulla mollis molestie lorem quisque ut erat', 'Male', 76);
insert into animal (idAnimal, nombre, especie, raza, edad, descripcion, genero, solicitudes_idSolicitud) values (77, 'Pearla', 'Bird', 'Labrador', 19, 'eget eleifend luctus ultricies eu nibh quisque id justo sit amet sapien dignissim vestibulum vestibulum ante ipsum', 'Female', 77);
insert into animal (idAnimal, nombre, especie, raza, edad, descripcion, genero, solicitudes_idSolicitud) values (78, 'Jaquenetta', 'Bird', 'Python', 18, 'curabitur in libero ut massa volutpat convallis morbi odio odio elementum eu interdum eu tincidunt', 'Male', 78);
insert into animal (idAnimal, nombre, especie, raza, edad, descripcion, genero, solicitudes_idSolicitud) values (79, 'Sianna', 'Rodent', 'Labrador', 10, 'nibh quisque id justo sit amet sapien dignissim vestibulum vestibulum ante ipsum primis in faucibus orci luctus et ultrices', 'Female', 79);
insert into animal (idAnimal, nombre, especie, raza, edad, descripcion, genero, solicitudes_idSolicitud) values (80, 'Marji', 'Reptile', 'Gerbil', 30, 'semper sapien a libero nam dui proin leo odio porttitor id consequat', 'Female', 80);
insert into animal (idAnimal, nombre, especie, raza, edad, descripcion, genero, solicitudes_idSolicitud) values (81, 'Oona', 'Bird', 'Poodle', 13, 'velit nec nisi vulputate nonummy maecenas tincidunt lacus at velit', 'Unknown', 81);
insert into animal (idAnimal, nombre, especie, raza, edad, descripcion, genero, solicitudes_idSolicitud) values (82, 'Karoly', 'Rodent', 'Python', 5, 'imperdiet sapien urna pretium nisl ut volutpat sapien arcu sed augue aliquam erat volutpat in congue etiam', 'Male', 82);
insert into animal (idAnimal, nombre, especie, raza, edad, descripcion, genero, solicitudes_idSolicitud) values (83, 'Gill', 'Cat', 'Python', 24, 'sapien a libero nam dui proin leo odio porttitor id consequat', 'Female', 83);
insert into animal (idAnimal, nombre, especie, raza, edad, descripcion, genero, solicitudes_idSolicitud) values (84, 'Lambert', 'Bird', 'Siamese', 23, 'eget vulputate ut ultrices vel augue vestibulum ante ipsum primis in faucibus orci luctus et ultrices posuere cubilia curae', 'Unknown', 84);
insert into animal (idAnimal, nombre, especie, raza, edad, descripcion, genero, solicitudes_idSolicitud) values (85, 'Bendick', 'Rodent', 'Gerbil', 17, 'dolor sit amet consectetuer adipiscing elit proin risus praesent lectus vestibulum quam sapien varius ut blandit non', 'Male', 85);
insert into animal (idAnimal, nombre, especie, raza, edad, descripcion, genero, solicitudes_idSolicitud) values (86, 'Gregorius', 'Reptile', 'Gerbil', 5, 'rutrum nulla tellus in sagittis dui vel nisl duis ac nibh fusce lacus', 'Female', 86);
insert into animal (idAnimal, nombre, especie, raza, edad, descripcion, genero, solicitudes_idSolicitud) values (87, 'Meredeth', 'Rodent', 'Siamese', 11, 'amet consectetuer adipiscing elit proin risus praesent lectus vestibulum quam sapien varius ut blandit', 'Unknown', 87);
insert into animal (idAnimal, nombre, especie, raza, edad, descripcion, genero, solicitudes_idSolicitud) values (88, 'Torey', 'Reptile', 'Labrador', 22, 'nonummy maecenas tincidunt lacus at velit vivamus vel nulla eget eros elementum pellentesque quisque porta volutpat erat quisque', 'Unknown', 88);
insert into animal (idAnimal, nombre, especie, raza, edad, descripcion, genero, solicitudes_idSolicitud) values (89, 'Josee', 'Dog', 'Labrador', 21, 'sapien ut nunc vestibulum ante ipsum primis in faucibus orci luctus et ultrices posuere cubilia curae mauris viverra diam', 'Male', 89);
insert into animal (idAnimal, nombre, especie, raza, edad, descripcion, genero, solicitudes_idSolicitud) values (90, 'Aloisia', 'Rodent', 'Labrador', 9, 'blandit non interdum in ante vestibulum ante ipsum primis in faucibus orci luctus et ultrices posuere cubilia curae duis faucibus', 'Male', 90);
insert into animal (idAnimal, nombre, especie, raza, edad, descripcion, genero, solicitudes_idSolicitud) values (91, 'Pernell', 'Reptile', 'Gerbil', 8, 'sapien arcu sed augue aliquam erat volutpat in congue etiam justo etiam pretium iaculis justo', 'Unknown', 91);
insert into animal (idAnimal, nombre, especie, raza, edad, descripcion, genero, solicitudes_idSolicitud) values (92, 'Matilda', 'Dog', 'Python', 9, 'libero convallis eget eleifend luctus ultricies eu nibh quisque id justo sit amet sapien dignissim vestibulum vestibulum ante ipsum primis', 'Female', 92);
insert into animal (idAnimal, nombre, especie, raza, edad, descripcion, genero, solicitudes_idSolicitud) values (93, 'Any', 'Bird', 'Labrador', 26, 'maecenas tincidunt lacus at velit vivamus vel nulla eget eros elementum pellentesque quisque porta volutpat erat quisque erat', 'Unknown', 93);
insert into animal (idAnimal, nombre, especie, raza, edad, descripcion, genero, solicitudes_idSolicitud) values (94, 'Estevan', 'Rodent', 'Poodle', 18, 'tincidunt in leo maecenas pulvinar lobortis est phasellus sit amet erat nulla tempus vivamus in felis', 'Unknown', 94);
insert into animal (idAnimal, nombre, especie, raza, edad, descripcion, genero, solicitudes_idSolicitud) values (95, 'Arnold', 'Rodent', 'Labrador', 15, 'risus praesent lectus vestibulum quam sapien varius ut blandit non interdum in ante vestibulum', 'Unknown', 95);
insert into animal (idAnimal, nombre, especie, raza, edad, descripcion, genero, solicitudes_idSolicitud) values (96, 'Roxanne', 'Reptile', 'Gerbil', 22, 'orci luctus et ultrices posuere cubilia curae mauris viverra diam', 'Male', 96);
insert into animal (idAnimal, nombre, especie, raza, edad, descripcion, genero, solicitudes_idSolicitud) values (97, 'Lanita', 'Dog', 'Gerbil', 29, 'nulla mollis molestie lorem quisque ut erat curabitur gravida nisi at nibh in hac habitasse', 'Unknown', 97);
insert into animal (idAnimal, nombre, especie, raza, edad, descripcion, genero, solicitudes_idSolicitud) values (98, 'Odele', 'Bird', 'Labrador', 27, 'phasellus sit amet erat nulla tempus vivamus in felis eu sapien cursus vestibulum proin eu mi nulla ac', 'Female', 98);
insert into animal (idAnimal, nombre, especie, raza, edad, descripcion, genero, solicitudes_idSolicitud) values (99, 'Cord', 'Bird', 'Poodle', 1, 'sollicitudin ut suscipit a feugiat et eros vestibulum ac est lacinia nisi venenatis tristique fusce congue diam id', 'Male', 99);
insert into animal (idAnimal, nombre, especie, raza, edad, descripcion, genero, solicitudes_idSolicitud) values (100, 'Wood', 'Bird', 'Python', 17, 'dapibus augue vel accumsan tellus nisi eu orci mauris lacinia sapien quis libero nullam sit amet', 'Unknown', 100);
*/

insert into vacuna (idVacuna, dosis, fecha, animales_idAnimal) values (1, 1072684185, '2029-04-25', 42);
insert into vacuna (idVacuna, dosis, fecha, animales_idAnimal) values (2, 1368634011, '2013-04-25', 89);
insert into vacuna (idVacuna, dosis, fecha, animales_idAnimal) values (3, 1822305482, '1990-03-11', 27);
insert into vacuna (idVacuna, dosis, fecha, animales_idAnimal) values (4, 1078874668, '2015-12-20', 38);
insert into vacuna (idVacuna, dosis, fecha, animales_idAnimal) values (5, 1128099148, '2017-11-14', 25);
insert into vacuna (idVacuna, dosis, fecha, animales_idAnimal) values (6, 2124992502, '1991-10-26', 36);
insert into vacuna (idVacuna, dosis, fecha, animales_idAnimal) values (7, 971596958, '2022-11-28', 97);
insert into vacuna (idVacuna, dosis, fecha, animales_idAnimal) values (8, 876547678, '2028-08-12', 98);
insert into vacuna (idVacuna, dosis, fecha, animales_idAnimal) values (9, 1163595335, '2030-02-24', 100);
insert into vacuna (idVacuna, dosis, fecha, animales_idAnimal) values (10, 245487127, '2029-10-06', 87);
insert into vacuna (idVacuna, dosis, fecha, animales_idAnimal) values (11, 1314680355, '2013-04-18', 38);
insert into vacuna (idVacuna, dosis, fecha, animales_idAnimal) values (12, 280548307, '2012-02-16', 16);
insert into vacuna (idVacuna, dosis, fecha, animales_idAnimal) values (13, 809339209, '2027-05-10', 37);
insert into vacuna (idVacuna, dosis, fecha, animales_idAnimal) values (14, 61881276, '2012-10-07', 16);
insert into vacuna (idVacuna, dosis, fecha, animales_idAnimal) values (15, 312613158, '2014-10-22', 42);
insert into vacuna (idVacuna, dosis, fecha, animales_idAnimal) values (16, 478094769, '2022-09-19', 70);
insert into vacuna (idVacuna, dosis, fecha, animales_idAnimal) values (17, 419621119, '2011-08-11', 27);
insert into vacuna (idVacuna, dosis, fecha, animales_idAnimal) values (18, 869776268, '2013-06-05', 55);
insert into vacuna (idVacuna, dosis, fecha, animales_idAnimal) values (19, 63695549, '2000-08-03', 72);
insert into vacuna (idVacuna, dosis, fecha, animales_idAnimal) values (20, 1410447520, '2000-10-26', 33);
insert into vacuna (idVacuna, dosis, fecha, animales_idAnimal) values (21, 844397999, '2012-06-07', 63);
insert into vacuna (idVacuna, dosis, fecha, animales_idAnimal) values (22, 137758811, '2002-05-31', 49);
insert into vacuna (idVacuna, dosis, fecha, animales_idAnimal) values (23, 1506343614, '2006-08-05', 1);
insert into vacuna (idVacuna, dosis, fecha, animales_idAnimal) values (24, 1874247492, '1993-05-02', 32);
insert into vacuna (idVacuna, dosis, fecha, animales_idAnimal) values (25, 1700550775, '2028-01-22', 61);
insert into vacuna (idVacuna, dosis, fecha, animales_idAnimal) values (26, 1837306120, '1992-09-29', 83);
insert into vacuna (idVacuna, dosis, fecha, animales_idAnimal) values (27, 1168722801, '2018-03-24', 36);
insert into vacuna (idVacuna, dosis, fecha, animales_idAnimal) values (28, 1206321790, '2010-03-28', 56);
insert into vacuna (idVacuna, dosis, fecha, animales_idAnimal) values (29, 1816826447, '2006-07-04', 78);
insert into vacuna (idVacuna, dosis, fecha, animales_idAnimal) values (30, 2078722523, '1997-07-18', 82);
insert into vacuna (idVacuna, dosis, fecha, animales_idAnimal) values (31, 161708108, '2003-12-28', 40);
insert into vacuna (idVacuna, dosis, fecha, animales_idAnimal) values (32, 652614161, '2013-11-09', 80);
insert into vacuna (idVacuna, dosis, fecha, animales_idAnimal) values (33, 1898461722, '2012-07-11', 78);
insert into vacuna (idVacuna, dosis, fecha, animales_idAnimal) values (34, 412978736, '2011-04-09', 18);
insert into vacuna (idVacuna, dosis, fecha, animales_idAnimal) values (35, 777888293, '1992-05-24', 40);
insert into vacuna (idVacuna, dosis, fecha, animales_idAnimal) values (36, 1380417728, '1997-07-02', 5);
insert into vacuna (idVacuna, dosis, fecha, animales_idAnimal) values (37, 863396084, '2028-04-09', 21);
insert into vacuna (idVacuna, dosis, fecha, animales_idAnimal) values (38, 1092145341, '2005-04-07', 23);
insert into vacuna (idVacuna, dosis, fecha, animales_idAnimal) values (39, 207897988, '2006-10-04', 56);
insert into vacuna (idVacuna, dosis, fecha, animales_idAnimal) values (40, 1991951784, '2025-09-04', 12);
insert into vacuna (idVacuna, dosis, fecha, animales_idAnimal) values (41, 63078267, '1992-08-27', 16);
insert into vacuna (idVacuna, dosis, fecha, animales_idAnimal) values (42, 1562357631, '2022-02-23', 69);
insert into vacuna (idVacuna, dosis, fecha, animales_idAnimal) values (43, 1720039728, '1990-02-15', 7);
insert into vacuna (idVacuna, dosis, fecha, animales_idAnimal) values (44, 2038669790, '2014-01-06', 67);
insert into vacuna (idVacuna, dosis, fecha, animales_idAnimal) values (45, 437974643, '2012-02-16', 85);
insert into vacuna (idVacuna, dosis, fecha, animales_idAnimal) values (46, 869419834, '2012-11-10', 62);
insert into vacuna (idVacuna, dosis, fecha, animales_idAnimal) values (47, 26650023, '1994-03-12', 3);
insert into vacuna (idVacuna, dosis, fecha, animales_idAnimal) values (48, 669869159, '2030-06-11', 70);
insert into vacuna (idVacuna, dosis, fecha, animales_idAnimal) values (49, 317820125, '2011-12-15', 80);
insert into vacuna (idVacuna, dosis, fecha, animales_idAnimal) values (50, 642782199, '2003-06-19', 68);
insert into vacuna (idVacuna, dosis, fecha, animales_idAnimal) values (51, 143478787, '2016-12-15', 58);
insert into vacuna (idVacuna, dosis, fecha, animales_idAnimal) values (52, 1551752634, '2020-10-14', 32);
insert into vacuna (idVacuna, dosis, fecha, animales_idAnimal) values (53, 1371591364, '2028-07-19', 48);
insert into vacuna (idVacuna, dosis, fecha, animales_idAnimal) values (54, 2099789152, '2025-11-06', 38);
insert into vacuna (idVacuna, dosis, fecha, animales_idAnimal) values (55, 234027077, '1994-07-11', 23);
insert into vacuna (idVacuna, dosis, fecha, animales_idAnimal) values (56, 647007172, '2003-08-27', 12);
insert into vacuna (idVacuna, dosis, fecha, animales_idAnimal) values (57, 1675010756, '2030-06-03', 64);
insert into vacuna (idVacuna, dosis, fecha, animales_idAnimal) values (58, 629534835, '1995-10-26', 59);
insert into vacuna (idVacuna, dosis, fecha, animales_idAnimal) values (59, 75772285, '2014-03-06', 72);
insert into vacuna (idVacuna, dosis, fecha, animales_idAnimal) values (60, 1005115549, '1996-12-10', 20);
insert into vacuna (idVacuna, dosis, fecha, animales_idAnimal) values (61, 1650257875, '1993-10-18', 10);
insert into vacuna (idVacuna, dosis, fecha, animales_idAnimal) values (62, 1942578041, '1997-02-16', 51);
insert into vacuna (idVacuna, dosis, fecha, animales_idAnimal) values (63, 352531398, '1996-08-31', 94);
insert into vacuna (idVacuna, dosis, fecha, animales_idAnimal) values (64, 1213094798, '2002-12-29', 59);
insert into vacuna (idVacuna, dosis, fecha, animales_idAnimal) values (65, 452970389, '2016-02-11', 30);
insert into vacuna (idVacuna, dosis, fecha, animales_idAnimal) values (66, 907191720, '2023-07-23', 78);
insert into vacuna (idVacuna, dosis, fecha, animales_idAnimal) values (67, 651898515, '2018-06-24', 53);
insert into vacuna (idVacuna, dosis, fecha, animales_idAnimal) values (68, 1692311777, '1990-05-14', 30);
insert into vacuna (idVacuna, dosis, fecha, animales_idAnimal) values (69, 230236470, '2022-11-11', 9);
insert into vacuna (idVacuna, dosis, fecha, animales_idAnimal) values (70, 1995139027, '2006-09-14', 5);
insert into vacuna (idVacuna, dosis, fecha, animales_idAnimal) values (71, 2032044211, '2001-11-02', 60);
insert into vacuna (idVacuna, dosis, fecha, animales_idAnimal) values (72, 1703939008, '2014-10-08', 88);
insert into vacuna (idVacuna, dosis, fecha, animales_idAnimal) values (73, 305748121, '1996-11-18', 41);
insert into vacuna (idVacuna, dosis, fecha, animales_idAnimal) values (74, 634383393, '1999-02-18', 75);
insert into vacuna (idVacuna, dosis, fecha, animales_idAnimal) values (75, 319639097, '2027-11-24', 41);
insert into vacuna (idVacuna, dosis, fecha, animales_idAnimal) values (76, 848035962, '1995-09-23', 42);
insert into vacuna (idVacuna, dosis, fecha, animales_idAnimal) values (77, 1075602229, '2001-04-24', 29);
insert into vacuna (idVacuna, dosis, fecha, animales_idAnimal) values (78, 489122916, '2010-09-25', 58);
insert into vacuna (idVacuna, dosis, fecha, animales_idAnimal) values (79, 1897660334, '1993-07-01', 97);
insert into vacuna (idVacuna, dosis, fecha, animales_idAnimal) values (80, 1953706423, '1992-12-23', 100);
insert into vacuna (idVacuna, dosis, fecha, animales_idAnimal) values (81, 856260081, '2004-01-20', 46);
insert into vacuna (idVacuna, dosis, fecha, animales_idAnimal) values (82, 1212651724, '2003-03-10', 53);
insert into vacuna (idVacuna, dosis, fecha, animales_idAnimal) values (83, 1112879392, '2009-06-29', 37);
insert into vacuna (idVacuna, dosis, fecha, animales_idAnimal) values (84, 1901585230, '2023-10-21', 74);
insert into vacuna (idVacuna, dosis, fecha, animales_idAnimal) values (85, 2142940029, '2004-07-23', 86);
insert into vacuna (idVacuna, dosis, fecha, animales_idAnimal) values (86, 2043406945, '2008-07-14', 79);
insert into vacuna (idVacuna, dosis, fecha, animales_idAnimal) values (87, 705209979, '2008-12-09', 9);
insert into vacuna (idVacuna, dosis, fecha, animales_idAnimal) values (88, 1825876954, '2022-12-11', 56);
insert into vacuna (idVacuna, dosis, fecha, animales_idAnimal) values (89, 977642149, '2004-07-06', 87);
insert into vacuna (idVacuna, dosis, fecha, animales_idAnimal) values (90, 1200408541, '2007-06-29', 78);
insert into vacuna (idVacuna, dosis, fecha, animales_idAnimal) values (91, 1700677492, '2004-10-16', 48);
insert into vacuna (idVacuna, dosis, fecha, animales_idAnimal) values (92, 1167490135, '2021-09-27', 77);
insert into vacuna (idVacuna, dosis, fecha, animales_idAnimal) values (93, 207302467, '2010-03-30', 53);
insert into vacuna (idVacuna, dosis, fecha, animales_idAnimal) values (94, 1537901129, '1992-10-14', 69);
insert into vacuna (idVacuna, dosis, fecha, animales_idAnimal) values (95, 1685340016, '1992-11-14', 45);
insert into vacuna (idVacuna, dosis, fecha, animales_idAnimal) values (96, 1607399461, '2000-05-29', 74);
insert into vacuna (idVacuna, dosis, fecha, animales_idAnimal) values (97, 797821703, '2008-02-16', 19);
insert into vacuna (idVacuna, dosis, fecha, animales_idAnimal) values (98, 197036638, '1998-07-04', 76);
insert into vacuna (idVacuna, dosis, fecha, animales_idAnimal) values (99, 465351579, '2023-03-03', 80);
insert into vacuna (idVacuna, dosis, fecha, animales_idAnimal) values (100, 129056422, '1998-10-06', 72);