
insert into animal (idAnimal, nombre, especie, raza, edad, descripcion, genero) values (1, 'Darren', 'Dog', 'Labrador', 14, 'morbi vestibulum velit id pretium iaculis', 'Male');
insert into animal (idAnimal, nombre, especie, raza, edad, descripcion, genero) values (2, 'Wallas', 'Hamster', 'Roborovski', 2, 'mattis odio donec vitae nisi nam', 'Male');
insert into animal (idAnimal, nombre, especie, raza, edad, descripcion, genero) values (3, 'Angelique', 'Cat', 'Sphynx', 8, 'eleifend luctus ultricies eu nibh quisque id justo sit', 'Female');
insert into animal (idAnimal, nombre, especie, raza, edad, descripcion, genero) values (4, 'Claudianus', 'Hamster', 'Roborovski', 3, 'pellentesque ultrices mattis odio donec vitae nisi nam ultrices libero non mattis pulvinar nulla', 'Unknown');
insert into animal (idAnimal, nombre, especie, raza, edad, descripcion, genero) values (5, 'Billi', 'Dog', 'Labrador', 3, 'vestibulum eget vulputate ut ultrices vel augue vestibulum ante ipsum primis in', 'Female');
insert into animal (idAnimal, nombre, especie, raza, edad, descripcion, genero) values (6, 'Jakie', 'Fish', 'Parakeet', 11, 'in quam fringilla rhoncus mauris enim leo rhoncus sed vestibulum sit amet cursus', 'Unknown');
insert into animal (idAnimal, nombre, especie, raza, edad, descripcion, genero) values (7, 'Alexander', 'Dog', 'Beagle', 1, 'dis parturient montes nascetur ridiculus mus vivamus vestibulum sagittis', 'Male');
insert into animal (idAnimal, nombre, especie, raza, edad, descripcion, genero) values (8, 'Hill', 'Fish', 'Parakeet', 11, 'elit ac nulla sed vel enim sit amet nunc', 'Female');
insert into animal (idAnimal, nombre, especie, raza, edad, descripcion, genero) values (9, 'Lilias', 'Hamster', 'ChineseHamster', 24, 'lectus suspendisse potenti in eleifend quam a odio in hac habitasse platea', 'Male');
insert into animal (idAnimal, nombre, especie, raza, edad, descripcion, genero) values (10, 'Harp', 'Cat', 'Siamese', 27, 'nec condimentum neque sapien placerat ante nulla justo aliquam quis turpis eget elit', 'Male');
insert into animal (idAnimal, nombre, especie, raza, edad, descripcion, genero) values (11, 'Goober', 'Bird', 'Koi', 19, 'pede malesuada in imperdiet et commodo vulputate justo in blandit ultrices enim lorem ipsum dolor', 'Female');
insert into animal (idAnimal, nombre, especie, raza, edad, descripcion, genero) values (12, 'Karim', 'Cat', 'Siamese', 23, 'nulla nunc purus phasellus in felis donec semper sapien a libero nam dui', 'Unknown');
insert into animal (idAnimal, nombre, especie, raza, edad, descripcion, genero) values (13, 'Annecorinne', 'Dog', 'Other', 12, 'a nibh in quis justo maecenas rhoncus aliquam lacus morbi', 'Male');
insert into animal (idAnimal, nombre, especie, raza, edad, descripcion, genero) values (14, 'Carri', 'Cat', 'Persian', 3, 'sociis natoque penatibus et magnis dis parturient montes nascetur ridiculus mus vivamus', 'Male');
insert into animal (idAnimal, nombre, especie, raza, edad, descripcion, genero) values (15, 'Taber', 'Dog', 'Labrador', 23, 'odio consequat varius integer ac leo pellentesque ultrices mattis odio donec vitae nisi nam', 'Unknown');
insert into animal (idAnimal, nombre, especie, raza, edad, descripcion, genero) values (16, 'Harcourt', 'Hamster', 'ChineseHamster', 8, 'tempus vel pede morbi porttitor lorem id ligula suspendisse ornare consequat', 'Male');
insert into animal (idAnimal, nombre, especie, raza, edad, descripcion, genero) values (17, 'Andrei', 'Dog', 'Poodle', 13, 'tortor duis mattis egestas metus aenean', 'Female');
insert into animal (idAnimal, nombre, especie, raza, edad, descripcion, genero) values (18, 'Verena', 'Dog', 'Other', 12, 'nunc rhoncus dui vel sem sed sagittis nam congue risus semper', 'Unknown');
insert into animal (idAnimal, nombre, especie, raza, edad, descripcion, genero) values (19, 'Geoffrey', 'Dog', 'Other', 13, 'suscipit nulla elit ac nulla sed vel', 'Male');
insert into animal (idAnimal, nombre, especie, raza, edad, descripcion, genero) values (20, 'Lyman', 'Dog', 'Poodle', 15, 'massa volutpat convallis morbi odio odio elementum eu interdum eu tincidunt in leo maecenas', 'Male');
insert into animal (idAnimal, nombre, especie, raza, edad, descripcion, genero) values (21, 'Adrian', 'Hamster', 'ChineseHamster', 14, 'semper rutrum nulla nunc purus phasellus', 'Unknown');
insert into animal (idAnimal, nombre, especie, raza, edad, descripcion, genero) values (22, 'Dael', 'Bird', 'Persian', 24, 'orci luctus et ultrices posuere cubilia curae donec pharetra magna vestibulum', 'Unknown');
insert into animal (idAnimal, nombre, especie, raza, edad, descripcion, genero) values (23, 'Bevin', 'Fish', 'Hummingbirds', 5, 'morbi vestibulum velit id pretium iaculis diam erat fermentum', 'Female');
insert into animal (idAnimal, nombre, especie, raza, edad, descripcion, genero) values (24, 'Dayle', 'Bird', 'Beagle', 22, 'lorem id ligula suspendisse ornare consequat lectus in', 'Unknown');
insert into animal (idAnimal, nombre, especie, raza, edad, descripcion, genero) values (25, 'Myrtle', 'Cat', 'Other', 27, 'purus aliquet at feugiat non', 'Female');
insert into animal (idAnimal, nombre, especie, raza, edad, descripcion, genero) values (26, 'Tait', 'Hamster', 'Other', 7, 'pede justo lacinia eget tincidunt eget tempus vel', 'Unknown');
insert into animal (idAnimal, nombre, especie, raza, edad, descripcion, genero) values (27, 'Beck', 'Hamster', 'ChineseHamster', 15, 'id turpis integer aliquet massa', 'Female');
insert into animal (idAnimal, nombre, especie, raza, edad, descripcion, genero) values (28, 'Link', 'Hamster', 'Other', 18, 'vitae ipsum aliquam non mauris morbi non lectus aliquam sit amet diam in magna', 'Unknown');
insert into animal (idAnimal, nombre, especie, raza, edad, descripcion, genero) values (29, 'Darryl', 'Dog', 'Labrador', 29, 'eu massa donec dapibus duis at velit eu est congue elementum in hac habitasse', 'Female');
insert into animal (idAnimal, nombre, especie, raza, edad, descripcion, genero) values (30, 'Chrotoem', 'Bird', 'Owl', 21, 'ac nibh fusce lacus purus aliquet at feugiat non pretium quis lectus suspendisse', 'Unknown');
insert into animal (idAnimal, nombre, especie, raza, edad, descripcion, genero) values (31, 'Tab', 'Bird', 'Other', 12, 'amet diam in magna bibendum imperdiet nullam orci pede venenatis non sodales sed tincidunt', 'Female');
insert into animal (idAnimal, nombre, especie, raza, edad, descripcion, genero) values (32, 'Charmaine', 'Fish', 'Owl', 3, 'vestibulum sed magna at nunc commodo placerat praesent blandit nam nulla integer pede', 'Male');
insert into animal (idAnimal, nombre, especie, raza, edad, descripcion, genero) values (33, 'Brant', 'Fish', 'Owl', 18, 'lorem ipsum dolor sit amet consectetuer adipiscing elit proin risus praesent lectus vestibulum', 'Female');
insert into animal (idAnimal, nombre, especie, raza, edad, descripcion, genero) values (34, 'Ki', 'Cat', 'Sphynx', 20, 'in faucibus orci luctus et ultrices posuere cubilia curae', 'Male');
insert into animal (idAnimal, nombre, especie, raza, edad, descripcion, genero) values (35, 'Silvano', 'Dog', 'Beagle', 16, 'morbi sem mauris laoreet ut rhoncus aliquet pulvinar sed nisl', 'Unknown');
insert into animal (idAnimal, nombre, especie, raza, edad, descripcion, genero) values (36, 'Channa', 'Hamster', 'ChineseHamster', 4, 'ac consequat metus sapien ut', 'Unknown');
insert into animal (idAnimal, nombre, especie, raza, edad, descripcion, genero) values (37, 'Bernette', 'Fish', 'Hummingbirds', 24, 'proin at turpis a pede posuere nonummy integer non velit donec', 'Male');
insert into animal (idAnimal, nombre, especie, raza, edad, descripcion, genero) values (38, 'Otto', 'Dog', 'Poodle', 12, 'orci pede venenatis non sodales sed tincidunt', 'Female');
insert into animal (idAnimal, nombre, especie, raza, edad, descripcion, genero) values (39, 'Merna', 'Fish', 'Owl', 1, 'tristique fusce congue diam id ornare imperdiet sapien urna pretium nisl ut volutpat', 'Unknown');
insert into animal (idAnimal, nombre, especie, raza, edad, descripcion, genero) values (40, 'Lisa', 'Hamster', 'Other', 29, 'vehicula consequat morbi a ipsum integer a nibh in quis justo maecenas rhoncus aliquam', 'Unknown');
insert into animal (idAnimal, nombre, especie, raza, edad, descripcion, genero) values (41, 'Elena', 'Cat', 'Sphynx', 15, 'convallis duis consequat dui nec nisi volutpat eleifend donec ut dolor', 'Female');
insert into animal (idAnimal, nombre, especie, raza, edad, descripcion, genero) values (42, 'Crystie', 'Bird', 'Hummingbirds', 22, 'odio elementum eu interdum eu tincidunt in leo maecenas pulvinar', 'Unknown');
insert into animal (idAnimal, nombre, especie, raza, edad, descripcion, genero) values (43, 'Nydia', 'Hamster', 'Roborovski', 1, 'dictumst etiam faucibus cursus urna ut', 'Unknown');
insert into animal (idAnimal, nombre, especie, raza, edad, descripcion, genero) values (44, 'Tabatha', 'Hamster', 'ChineseHamster', 7, 'risus auctor sed tristique in tempus', 'Male');
insert into animal (idAnimal, nombre, especie, raza, edad, descripcion, genero) values (45, 'Tera', 'Cat', 'Persian', 2, 'nulla neque libero convallis eget eleifend luctus', 'Unknown');
insert into animal (idAnimal, nombre, especie, raza, edad, descripcion, genero) values (46, 'Gerhard', 'Bird', 'Siamese', 27, 'ipsum praesent blandit lacinia erat vestibulum sed magna at nunc commodo placerat', 'Male');
insert into animal (idAnimal, nombre, especie, raza, edad, descripcion, genero) values (47, 'Wilhelmina', 'Hamster', 'Other', 2, 'nisl ut volutpat sapien arcu sed augue aliquam erat', 'Male');
insert into animal (idAnimal, nombre, especie, raza, edad, descripcion, genero) values (48, 'Cheston', 'Dog', 'Labrador', 3, 'a ipsum integer a nibh in quis', 'Male');
insert into animal (idAnimal, nombre, especie, raza, edad, descripcion, genero) values (49, 'Aron', 'Bird', 'Owl', 19, 'in hac habitasse platea dictumst maecenas ut', 'Female');
insert into animal (idAnimal, nombre, especie, raza, edad, descripcion, genero) values (50, 'Harbert', 'Bird', 'Roborovski', 8, 'eleifend luctus ultricies eu nibh', 'Unknown');
insert into animal (idAnimal, nombre, especie, raza, edad, descripcion, genero) values (51, 'Nappie', 'Dog', 'Poodle', 24, 'nibh in quis justo maecenas rhoncus aliquam', 'Male');
insert into animal (idAnimal, nombre, especie, raza, edad, descripcion, genero) values (52, 'Dayle', 'Fish', 'Parakeet', 18, 'ligula sit amet eleifend pede libero quis orci nullam', 'Male');
insert into animal (idAnimal, nombre, especie, raza, edad, descripcion, genero) values (53, 'Jeramey', 'Hamster', 'ChineseHamster', 17, 'donec odio justo sollicitudin ut suscipit a feugiat et eros vestibulum ac est lacinia', 'Unknown');
insert into animal (idAnimal, nombre, especie, raza, edad, descripcion, genero) values (54, 'Glory', 'Hamster', 'Other', 1, 'volutpat quam pede lobortis ligula sit amet eleifend pede libero quis orci', 'Unknown');
insert into animal (idAnimal, nombre, especie, raza, edad, descripcion, genero) values (55, 'Kalle', 'Fish', 'Parakeet', 28, 'nullam porttitor lacus at turpis donec posuere metus vitae ipsum aliquam non mauris morbi non', 'Unknown');
insert into animal (idAnimal, nombre, especie, raza, edad, descripcion, genero) values (56, 'Peyter', 'Hamster', 'Other', 23, 'lorem integer tincidunt ante vel ipsum praesent blandit lacinia erat', 'Unknown');
insert into animal (idAnimal, nombre, especie, raza, edad, descripcion, genero) values (57, 'Tildi', 'Bird', 'Siamese', 27, 'aliquam quis turpis eget elit sodales scelerisque mauris sit amet eros suspendisse accumsan tortor', 'Male');
insert into animal (idAnimal, nombre, especie, raza, edad, descripcion, genero) values (58, 'Fanni', 'Bird', 'Koi', 10, 'semper interdum mauris ullamcorper purus sit amet nulla quisque arcu libero', 'Unknown');
insert into animal (idAnimal, nombre, especie, raza, edad, descripcion, genero) values (59, 'Concettina', 'Hamster', 'ChineseHamster', 10, 'nec dui luctus rutrum nulla tellus', 'Male');
insert into animal (idAnimal, nombre, especie, raza, edad, descripcion, genero) values (60, 'Wini', 'Cat', 'Siamese', 22, 'aliquet massa id lobortis convallis tortor risus dapibus augue vel accumsan tellus nisi eu orci', 'Female');
insert into animal (idAnimal, nombre, especie, raza, edad, descripcion, genero) values (61, 'Lanette', 'Bird', 'Persian', 11, 'molestie hendrerit at vulputate vitae nisl aenean lectus', 'Unknown');
insert into animal (idAnimal, nombre, especie, raza, edad, descripcion, genero) values (62, 'Lamont', 'Fish', 'Hummingbirds', 13, 'in tempus sit amet sem fusce consequat nulla', 'Female');
insert into animal (idAnimal, nombre, especie, raza, edad, descripcion, genero) values (63, 'Jonell', 'Fish', 'Owl', 19, 'donec pharetra magna vestibulum aliquet ultrices erat tortor sollicitudin mi', 'Male');
insert into animal (idAnimal, nombre, especie, raza, edad, descripcion, genero) values (64, 'Hyacintha', 'Dog', 'Poodle', 20, 'amet lobortis sapien sapien non mi integer ac neque duis bibendum morbi non quam nec', 'Female');
insert into animal (idAnimal, nombre, especie, raza, edad, descripcion, genero) values (65, 'Eyde', 'Bird', 'Sphynx', 15, 'volutpat convallis morbi odio odio elementum eu interdum eu tincidunt in leo', 'Male');
insert into animal (idAnimal, nombre, especie, raza, edad, descripcion, genero) values (66, 'Filmer', 'Dog', 'Other', 29, 'magnis dis parturient montes nascetur ridiculus mus vivamus vestibulum sagittis sapien cum sociis natoque penatibus', 'Female');
insert into animal (idAnimal, nombre, especie, raza, edad, descripcion, genero) values (67, 'Erie', 'Fish', 'Hummingbirds', 26, 'consectetuer adipiscing elit proin risus praesent lectus vestibulum quam sapien varius', 'Female');
insert into animal (idAnimal, nombre, especie, raza, edad, descripcion, genero) values (68, 'Rip', 'Dog', 'Poodle', 30, 'curabitur convallis duis consequat dui nec nisi volutpat', 'Female');
insert into animal (idAnimal, nombre, especie, raza, edad, descripcion, genero) values (69, 'Sybille', 'Bird', 'Koi', 22, 'ultrices enim lorem ipsum dolor sit amet consectetuer', 'Male');
insert into animal (idAnimal, nombre, especie, raza, edad, descripcion, genero) values (70, 'Olenka', 'Hamster', 'ChineseHamster', 6, 'primis in faucibus orci luctus', 'Male');
insert into animal (idAnimal, nombre, especie, raza, edad, descripcion, genero) values (71, 'Raul', 'Hamster', 'ChineseHamster', 12, 'vel sem sed sagittis nam', 'Unknown');
insert into animal (idAnimal, nombre, especie, raza, edad, descripcion, genero) values (72, 'Creight', 'Dog', 'Labrador', 23, 'vestibulum ante ipsum primis in faucibus orci luctus et ultrices posuere cubilia curae mauris viverra', 'Male');
insert into animal (idAnimal, nombre, especie, raza, edad, descripcion, genero) values (73, 'Neile', 'Fish', 'Hummingbirds', 16, 'parturient montes nascetur ridiculus mus vivamus vestibulum sagittis sapien cum sociis', 'Female');
insert into animal (idAnimal, nombre, especie, raza, edad, descripcion, genero) values (74, 'Zilvia', 'Fish', 'Parakeet', 8, 'quam sollicitudin vitae consectetuer eget rutrum at lorem integer tincidunt', 'Male');
insert into animal (idAnimal, nombre, especie, raza, edad, descripcion, genero) values (75, 'Verine', 'Fish', 'Other', 15, 'augue a suscipit nulla elit ac nulla sed vel enim sit amet nunc viverra', 'Unknown');
insert into animal (idAnimal, nombre, especie, raza, edad, descripcion, genero) values (76, 'Pearl', 'Bird', 'Owl', 22, 'vestibulum eget vulputate ut ultrices vel augue vestibulum ante ipsum primis', 'Female');
insert into animal (idAnimal, nombre, especie, raza, edad, descripcion, genero) values (77, 'Alfy', 'Fish', 'Hummingbirds', 30, 'nisl nunc rhoncus dui vel sem sed', 'Male');
insert into animal (idAnimal, nombre, especie, raza, edad, descripcion, genero) values (78, 'Maribel', 'Cat', 'Persian', 7, 'purus phasellus in felis donec semper sapien a libero nam dui proin', 'Male');
insert into animal (idAnimal, nombre, especie, raza, edad, descripcion, genero) values (79, 'Guenna', 'Cat', 'Other', 23, 'proin interdum mauris non ligula pellentesque', 'Female');
insert into animal (idAnimal, nombre, especie, raza, edad, descripcion, genero) values (80, 'Jeanne', 'Fish', 'Other', 25, 'massa donec dapibus duis at velit eu est', 'Unknown');
insert into animal (idAnimal, nombre, especie, raza, edad, descripcion, genero) values (81, 'Joycelin', 'Dog', 'Labrador', 12, 'cum sociis natoque penatibus et magnis dis', 'Male');
insert into animal (idAnimal, nombre, especie, raza, edad, descripcion, genero) values (82, 'Emyle', 'Fish', 'Parakeet', 10, 'eget massa tempor convallis nulla neque libero convallis eget eleifend', 'Male');
insert into animal (idAnimal, nombre, especie, raza, edad, descripcion, genero) values (83, 'Elvera', 'Cat', 'Other', 24, 'vulputate luctus cum sociis natoque', 'Male');
insert into animal (idAnimal, nombre, especie, raza, edad, descripcion, genero) values (84, 'Chantalle', 'Cat', 'Other', 3, 'orci vehicula condimentum curabitur in libero ut massa volutpat convallis morbi odio odio', 'Female');
insert into animal (idAnimal, nombre, especie, raza, edad, descripcion, genero) values (85, 'Donovan', 'Bird', 'Owl', 4, 'in congue etiam justo etiam pretium iaculis justo in hac habitasse platea dictumst', 'Female');
insert into animal (idAnimal, nombre, especie, raza, edad, descripcion, genero) values (86, 'Charles', 'Fish', 'Hummingbirds', 22, 'ut ultrices vel augue vestibulum ante', 'Female');
insert into animal (idAnimal, nombre, especie, raza, edad, descripcion, genero) values (87, 'Gale', 'Dog', 'Beagle', 0, 'hac habitasse platea dictumst etiam faucibus cursus urna ut tellus nulla', 'Female');
insert into animal (idAnimal, nombre, especie, raza, edad, descripcion, genero) values (88, 'Lyndsie', 'Dog', 'Beagle', 5, 'velit nec nisi vulputate nonummy maecenas tincidunt', 'Female');
insert into animal (idAnimal, nombre, especie, raza, edad, descripcion, genero) values (89, 'Davey', 'Cat', 'Persian', 1, 'quis lectus suspendisse potenti in eleifend quam', 'Male');
insert into animal (idAnimal, nombre, especie, raza, edad, descripcion, genero) values (90, 'Roma', 'Fish', 'Hummingbirds', 30, 'nulla ultrices aliquet maecenas leo odio condimentum id luctus nec molestie sed justo pellentesque viverra', 'Unknown');
insert into animal (idAnimal, nombre, especie, raza, edad, descripcion, genero) values (91, 'Deck', 'Hamster', 'Other', 24, 'in faucibus orci luctus et ultrices posuere', 'Male');
insert into animal (idAnimal, nombre, especie, raza, edad, descripcion, genero) values (92, 'Gardner', 'Bird', 'Beagle', 11, 'elementum nullam varius nulla facilisi cras non velit nec nisi vulputate nonummy maecenas tincidunt', 'Male');
insert into animal (idAnimal, nombre, especie, raza, edad, descripcion, genero) values (93, 'Ira', 'Hamster', 'Roborovski', 29, 'id turpis integer aliquet massa id lobortis convallis tortor risus dapibus augue vel', 'Unknown');
insert into animal (idAnimal, nombre, especie, raza, edad, descripcion, genero) values (94, 'Wilow', 'Hamster', 'Other', 25, 'adipiscing molestie hendrerit at vulputate', 'Unknown');
insert into animal (idAnimal, nombre, especie, raza, edad, descripcion, genero) values (95, 'Lucais', 'Hamster', 'Roborovski', 26, 'vel sem sed sagittis nam congue risus', 'Female');
insert into animal (idAnimal, nombre, especie, raza, edad, descripcion, genero) values (96, 'Abbey', 'Dog', 'Other', 20, 'purus aliquet at feugiat non pretium quis lectus', 'Female');
insert into animal (idAnimal, nombre, especie, raza, edad, descripcion, genero) values (97, 'Torr', 'Dog', 'Beagle', 17, 'metus arcu adipiscing molestie hendrerit at vulputate vitae', 'Female');
insert into animal (idAnimal, nombre, especie, raza, edad, descripcion, genero) values (98, 'Netti', 'Dog', 'Labrador', 18, 'dis parturient montes nascetur ridiculus', 'Female');
insert into animal (idAnimal, nombre, especie, raza, edad, descripcion, genero) values (99, 'Dur', 'Dog', 'Labrador', 4, 'curabitur gravida nisi at nibh in hac habitasse platea', 'Female');
insert into animal (idAnimal, nombre, especie, raza, edad, descripcion, genero) values (100, 'Darwin', 'Fish', 'Other', 27, 'interdum venenatis turpis enim blandit mi in', 'Male');

insert into persona (idPersona, edad, nombre, email, telefono, direccion, ocupacion, experiencia) values (1, 26, 'Jerrie Bote', 'jbote0@people.com.cn', 86080751, '970 Hollow Ridge Drive', 'Assistant Media Planner', '3-5 years');
insert into persona (idPersona, edad, nombre, email, telefono, direccion, ocupacion, experiencia) values (2, 55, 'Olympia Catherall', 'ocatherall1@boston.com', 47242680, '142 Wayridge Alley', 'Structural Engineer', '5+ years');
insert into persona (idPersona, edad, nombre, email, telefono, direccion, ocupacion, experiencia) values (3, 34, 'Kendal Webster', 'kwebster2@jiathis.com', 22263166, '35775 Russell Street', 'Senior Financial Analyst', '3-5 years');
insert into persona (idPersona, edad, nombre, email, telefono, direccion, ocupacion, experiencia) values (4, 47, 'Annecorinne Schouthede', 'aschouthede3@phoca.cz', 55975249, '79 Tony Court', 'Senior Sales Associate', '0-1 years');
insert into persona (idPersona, edad, nombre, email, telefono, direccion, ocupacion, experiencia) values (5, 44, 'Celinda Loachhead', 'cloachhead4@sciencedaily.com', 27890610, '0649 Bay Hill', 'Quality Engineer', '3-5 years');
insert into persona (idPersona, edad, nombre, email, telefono, direccion, ocupacion, experiencia) values (6, 77, 'Pen Galvin', 'pgalvin5@netscape.com', 57510118, '0246 Lighthouse Bay Hill', 'Paralegal', '3-5 years');
insert into persona (idPersona, edad, nombre, email, telefono, direccion, ocupacion, experiencia) values (7, 78, 'Georgie Jime', 'gjime6@sina.com.cn', 87102379, '4552 Vahlen Alley', 'Occupational Therapist', '1-3 years');
insert into persona (idPersona, edad, nombre, email, telefono, direccion, ocupacion, experiencia) values (8, 64, 'Armin Ickowicz', 'aickowicz7@pbs.org', 82361341, '40 International Road', 'Actuary', '5+ years');
insert into persona (idPersona, edad, nombre, email, telefono, direccion, ocupacion, experiencia) values (9, 82, 'Myca Frossell', 'mfrossell8@about.com', 36193377, '2280 Sutherland Parkway', 'Accountant II', '0-1 years');
insert into persona (idPersona, edad, nombre, email, telefono, direccion, ocupacion, experiencia) values (10, 63, 'Jamill McFadzean', 'jmcfadzean9@nps.gov', 91496290, '0 Bonner Road', 'Speech Pathologist', '1-3 years');
insert into persona (idPersona, edad, nombre, email, telefono, direccion, ocupacion, experiencia) values (11, 118, 'Conant Hamlington', 'chamlingtona@aol.com', 42310789, '4 Hermina Trail', 'Occupational Therapist', '3-5 years');
insert into persona (idPersona, edad, nombre, email, telefono, direccion, ocupacion, experiencia) values (12, 16, 'Kenneth Morecombe', 'kmorecombeb@oakley.com', 97223840, '22 Parkside Point', 'Biostatistician III', '1-3 years');
insert into persona (idPersona, edad, nombre, email, telefono, direccion, ocupacion, experiencia) values (13, 62, 'Bellanca Bownes', 'bbownesc@mlb.com', 61253423, '66540 Mccormick Way', 'Compensation Analyst', '3-5 years');
insert into persona (idPersona, edad, nombre, email, telefono, direccion, ocupacion, experiencia) values (14, 109, 'Crissy McDonnell', 'cmcdonnelld@github.com', 91530696, '0 Northfield Road', 'Financial Advisor', '1-3 years');
insert into persona (idPersona, edad, nombre, email, telefono, direccion, ocupacion, experiencia) values (15, 100, 'Hannis O''Donegan', 'hodonegane@liveinternet.ru', 38960621, '1191 Bashford Crossing', 'Software Test Engineer III', '3-5 years');
insert into persona (idPersona, edad, nombre, email, telefono, direccion, ocupacion, experiencia) values (16, 15, 'Allie Rosenstiel', 'arosenstielf@va.gov', 40560874, '22 Continental Parkway', 'Computer Systems Analyst III', '1-3 years');
insert into persona (idPersona, edad, nombre, email, telefono, direccion, ocupacion, experiencia) values (17, 32, 'Romy Vogt', 'rvogtg@cbsnews.com', 33456865, '5 Rowland Drive', 'Human Resources Manager', '3-5 years');
insert into persona (idPersona, edad, nombre, email, telefono, direccion, ocupacion, experiencia) values (18, 57, 'Leighton Senogles', 'lsenoglesh@answers.com', 49334005, '19 Moose Terrace', 'Marketing Manager', '5+ years');
insert into persona (idPersona, edad, nombre, email, telefono, direccion, ocupacion, experiencia) values (19, 9, 'Retha Heggison', 'rheggisoni@vinaora.com', 93472920, '959 Brentwood Circle', 'Quality Control Specialist', '5+ years');
insert into persona (idPersona, edad, nombre, email, telefono, direccion, ocupacion, experiencia) values (20, 114, 'Caspar Rubes', 'crubesj@vkontakte.ru', 70004981, '5343 Kedzie Parkway', 'Sales Representative', '0-1 years');
insert into persona (idPersona, edad, nombre, email, telefono, direccion, ocupacion, experiencia) values (21, 94, 'Kent Foyston', 'kfoystonk@virginia.edu', 86954770, '9 John Wall Way', 'Research Associate', '0-1 years');
insert into persona (idPersona, edad, nombre, email, telefono, direccion, ocupacion, experiencia) values (22, 1, 'Chelsy Deport', 'cdeportl@pcworld.com', 82473081, '885 Haas Drive', 'Sales Representative', '1-3 years');
insert into persona (idPersona, edad, nombre, email, telefono, direccion, ocupacion, experiencia) values (23, 99, 'Ange Warnock', 'awarnockm@archive.org', 37795441, '69677 Hazelcrest Lane', 'Director of Sales', '0-1 years');
insert into persona (idPersona, edad, nombre, email, telefono, direccion, ocupacion, experiencia) values (24, 80, 'Billye Hegel', 'bhegeln@deliciousdays.com', 16285065, '134 Kensington Court', 'Account Representative IV', '0-1 years');
insert into persona (idPersona, edad, nombre, email, telefono, direccion, ocupacion, experiencia) values (25, 87, 'Tonye Craven', 'tcraveno@cargocollective.com', 30885480, '1 Schurz Hill', 'Design Engineer', '3-5 years');
insert into persona (idPersona, edad, nombre, email, telefono, direccion, ocupacion, experiencia) values (26, 111, 'Danya Bottle', 'dbottlep@miitbeian.gov.cn', 20038221, '7 Clarendon Place', 'VP Quality Control', '1-3 years');
insert into persona (idPersona, edad, nombre, email, telefono, direccion, ocupacion, experiencia) values (27, 81, 'Pet Cottingham', 'pcottinghamq@gov.uk', 96264866, '137 Cascade Hill', 'Account Executive', '0-1 years');
insert into persona (idPersona, edad, nombre, email, telefono, direccion, ocupacion, experiencia) values (28, 38, 'Alvera Beachamp', 'abeachampr@jalbum.net', 60429143, '83452 Eagan Drive', 'Web Developer IV', '3-5 years');
insert into persona (idPersona, edad, nombre, email, telefono, direccion, ocupacion, experiencia) values (29, 57, 'Armin Stroulger', 'astroulgers@ox.ac.uk', 52028071, '8300 Ridgeview Terrace', 'Sales Associate', '1-3 years');
insert into persona (idPersona, edad, nombre, email, telefono, direccion, ocupacion, experiencia) values (30, 84, 'Melloney Gerardi', 'mgerardit@ycombinator.com', 94710378, '5546 Derek Drive', 'Technical Writer', '1-3 years');
insert into persona (idPersona, edad, nombre, email, telefono, direccion, ocupacion, experiencia) values (31, 18, 'Parke Paolozzi', 'ppaolozziu@patch.com', 91296544, '53300 Eagle Crest Circle', 'Accountant I', '1-3 years');
insert into persona (idPersona, edad, nombre, email, telefono, direccion, ocupacion, experiencia) values (32, 60, 'Stevy Aubert', 'saubertv@edublogs.org', 29565064, '81630 Loeprich Crossing', 'Associate Professor', '1-3 years');
insert into persona (idPersona, edad, nombre, email, telefono, direccion, ocupacion, experiencia) values (33, 93, 'Nicky Pepineaux', 'npepineauxw@google.nl', 60805659, '4 Spaight Circle', 'Technical Writer', '3-5 years');
insert into persona (idPersona, edad, nombre, email, telefono, direccion, ocupacion, experiencia) values (34, 103, 'Say Mellor', 'smellorx@icio.us', 32814657, '3989 Alpine Lane', 'Health Coach II', '3-5 years');
insert into persona (idPersona, edad, nombre, email, telefono, direccion, ocupacion, experiencia) values (35, 88, 'Aubree Waddup', 'awaddupy@intel.com', 24226869, '0 Lakewood Gardens Place', 'Human Resources Assistant IV', '0-1 years');
insert into persona (idPersona, edad, nombre, email, telefono, direccion, ocupacion, experiencia) values (36, 13, 'Janeva Godbald', 'jgodbaldz@nytimes.com', 42918303, '66 Florence Park', 'Recruiting Manager', '3-5 years');
insert into persona (idPersona, edad, nombre, email, telefono, direccion, ocupacion, experiencia) values (37, 118, 'Kissiah Ranstead', 'kranstead10@nationalgeographic.com', 10063644, '133 Marcy Road', 'Quality Control Specialist', '3-5 years');
insert into persona (idPersona, edad, nombre, email, telefono, direccion, ocupacion, experiencia) values (38, 67, 'Bernelle Paragreen', 'bparagreen11@cdbaby.com', 95859284, '491 Moulton Terrace', 'Sales Representative', '3-5 years');
insert into persona (idPersona, edad, nombre, email, telefono, direccion, ocupacion, experiencia) values (39, 32, 'Auberon Playden', 'aplayden12@scribd.com', 39296735, '5607 Sutherland Junction', 'Desktop Support Technician', '3-5 years');
insert into persona (idPersona, edad, nombre, email, telefono, direccion, ocupacion, experiencia) values (40, 53, 'Randene Wedge', 'rwedge13@netscape.com', 85413618, '92586 Carey Way', 'Geologist I', '5+ years');
insert into persona (idPersona, edad, nombre, email, telefono, direccion, ocupacion, experiencia) values (41, 78, 'Filbert Medgewick', 'fmedgewick14@jalbum.net', 11698834, '867 Vernon Plaza', 'Project Manager', '0-1 years');
insert into persona (idPersona, edad, nombre, email, telefono, direccion, ocupacion, experiencia) values (42, 80, 'Sheelagh Dunsleve', 'sdunsleve15@elegantthemes.com', 39944835, '32 Coleman Drive', 'Information Systems Manager', '1-3 years');
insert into persona (idPersona, edad, nombre, email, telefono, direccion, ocupacion, experiencia) values (43, 120, 'Dosi Hendriksen', 'dhendriksen16@lycos.com', 33483913, '3755 Stuart Way', 'Community Outreach Specialist', '0-1 years');
insert into persona (idPersona, edad, nombre, email, telefono, direccion, ocupacion, experiencia) values (44, 73, 'Joannes Mougeot', 'jmougeot17@parallels.com', 13505751, '8 Loeprich Point', 'Quality Engineer', '1-3 years');
insert into persona (idPersona, edad, nombre, email, telefono, direccion, ocupacion, experiencia) values (45, 112, 'Shannon Spearing', 'sspearing18@sfgate.com', 13136287, '09582 Drewry Hill', 'Legal Assistant', '1-3 years');
insert into persona (idPersona, edad, nombre, email, telefono, direccion, ocupacion, experiencia) values (46, 41, 'Anson Scoterbosh', 'ascoterbosh19@sohu.com', 75983560, '27639 Del Mar Trail', 'Software Engineer III', '5+ years');
insert into persona (idPersona, edad, nombre, email, telefono, direccion, ocupacion, experiencia) values (47, 115, 'Bret Brine', 'bbrine1a@tmall.com', 94568908, '27 Dayton Point', 'Teacher', '5+ years');
insert into persona (idPersona, edad, nombre, email, telefono, direccion, ocupacion, experiencia) values (48, 32, 'Jordanna Sporner', 'jsporner1b@hugedomains.com', 92358714, '84 Coolidge Street', 'Design Engineer', '3-5 years');
insert into persona (idPersona, edad, nombre, email, telefono, direccion, ocupacion, experiencia) values (49, 14, 'Liane Sloegrave', 'lsloegrave1c@gravatar.com', 79244614, '33 Artisan Circle', 'Engineer I', '3-5 years');
insert into persona (idPersona, edad, nombre, email, telefono, direccion, ocupacion, experiencia) values (50, 52, 'Gae Grindle', 'ggrindle1d@jigsy.com', 33595892, '3 Esch Park', 'Chief Design Engineer', '0-1 years');
insert into persona (idPersona, edad, nombre, email, telefono, direccion, ocupacion, experiencia) values (51, 27, 'Reilly Younglove', 'ryounglove1e@tripod.com', 76842607, '82 Independence Place', 'Software Test Engineer IV', '0-1 years');
insert into persona (idPersona, edad, nombre, email, telefono, direccion, ocupacion, experiencia) values (52, 46, 'Lenna Ketchen', 'lketchen1f@blog.com', 96458678, '83 Debs Junction', 'Actuary', '3-5 years');
insert into persona (idPersona, edad, nombre, email, telefono, direccion, ocupacion, experiencia) values (53, 48, 'Rolando Mullard', 'rmullard1g@ftc.gov', 61704076, '194 Lindbergh Terrace', 'Geologist III', '5+ years');
insert into persona (idPersona, edad, nombre, email, telefono, direccion, ocupacion, experiencia) values (54, 107, 'Monroe Tabord', 'mtabord1h@state.tx.us', 60988960, '25 Anderson Point', 'Administrative Officer', '0-1 years');
insert into persona (idPersona, edad, nombre, email, telefono, direccion, ocupacion, experiencia) values (55, 30, 'Joanne Rosenboim', 'jrosenboim1i@howstuffworks.com', 66121005, '0505 Stone Corner Court', 'Senior Cost Accountant', '0-1 years');
insert into persona (idPersona, edad, nombre, email, telefono, direccion, ocupacion, experiencia) values (56, 110, 'Nanette McAnulty', 'nmcanulty1j@si.edu', 43863044, '9661 Daystar Avenue', 'Research Nurse', '3-5 years');
insert into persona (idPersona, edad, nombre, email, telefono, direccion, ocupacion, experiencia) values (57, 96, 'Gradeigh Guiet', 'gguiet1k@wunderground.com', 28727904, '54 Monterey Avenue', 'Financial Advisor', '0-1 years');
insert into persona (idPersona, edad, nombre, email, telefono, direccion, ocupacion, experiencia) values (58, 78, 'Nickolai Fryer', 'nfryer1l@wisc.edu', 34883003, '39 Mandrake Pass', 'Senior Quality Engineer', '0-1 years');
insert into persona (idPersona, edad, nombre, email, telefono, direccion, ocupacion, experiencia) values (59, 15, 'Friedrich Dubble', 'fdubble1m@imageshack.us', 93922620, '9 Lakewood Gardens Plaza', 'Teacher', '3-5 years');
insert into persona (idPersona, edad, nombre, email, telefono, direccion, ocupacion, experiencia) values (60, 38, 'Giordano Simoni', 'gsimoni1n@japanpost.jp', 91005098, '81299 Alpine Center', 'Analyst Programmer', '3-5 years');
insert into persona (idPersona, edad, nombre, email, telefono, direccion, ocupacion, experiencia) values (61, 46, 'Averil Cavell', 'acavell1o@1688.com', 82490978, '60139 Hazelcrest Park', 'Senior Cost Accountant', '3-5 years');
insert into persona (idPersona, edad, nombre, email, telefono, direccion, ocupacion, experiencia) values (62, 89, 'Hayyim Gameson', 'hgameson1p@ycombinator.com', 16187725, '56 Old Shore Point', 'Programmer IV', '0-1 years');
insert into persona (idPersona, edad, nombre, email, telefono, direccion, ocupacion, experiencia) values (63, 77, 'Larina Martellini', 'lmartellini1q@angelfire.com', 94660621, '3005 David Plaza', 'Assistant Media Planner', '1-3 years');
insert into persona (idPersona, edad, nombre, email, telefono, direccion, ocupacion, experiencia) values (64, 10, 'Miof mela McCahill', 'mmela1r@wordpress.org', 70167450, '10 Twin Pines Plaza', 'Staff Scientist', '3-5 years');
insert into persona (idPersona, edad, nombre, email, telefono, direccion, ocupacion, experiencia) values (65, 109, 'Conrado Burdis', 'cburdis1s@163.com', 97504367, '8 Farmco Road', 'VP Quality Control', '5+ years');
insert into persona (idPersona, edad, nombre, email, telefono, direccion, ocupacion, experiencia) values (66, 78, 'Nathan Whopples', 'nwhopples1t@census.gov', 82962886, '64 Eliot Trail', 'Physical Therapy Assistant', '5+ years');
insert into persona (idPersona, edad, nombre, email, telefono, direccion, ocupacion, experiencia) values (67, 56, 'Thibaud Iacoviello', 'tiacoviello1u@xing.com', 71232911, '320 Scott Road', 'Sales Associate', '3-5 years');
insert into persona (idPersona, edad, nombre, email, telefono, direccion, ocupacion, experiencia) values (68, 1, 'Rosetta Paulack', 'rpaulack1v@indiatimes.com', 51072695, '48 Carberry Terrace', 'Staff Scientist', '1-3 years');
insert into persona (idPersona, edad, nombre, email, telefono, direccion, ocupacion, experiencia) values (69, 119, 'Karlotta Laxon', 'klaxon1w@arizona.edu', 53656317, '9 Center Place', 'Teacher', '1-3 years');
insert into persona (idPersona, edad, nombre, email, telefono, direccion, ocupacion, experiencia) values (70, 111, 'Leeanne Fessler', 'lfessler1x@indiatimes.com', 36975926, '6 Roxbury Circle', 'Staff Accountant II', '3-5 years');
insert into persona (idPersona, edad, nombre, email, telefono, direccion, ocupacion, experiencia) values (71, 3, 'Margareta Aston', 'maston1y@icq.com', 50367866, '2 Sundown Street', 'Research Associate', '0-1 years');
insert into persona (idPersona, edad, nombre, email, telefono, direccion, ocupacion, experiencia) values (72, 48, 'Cordie Summerskill', 'csummerskill1z@soup.io', 42531310, '2 Walton Road', 'Recruiting Manager', '3-5 years');
insert into persona (idPersona, edad, nombre, email, telefono, direccion, ocupacion, experiencia) values (73, 63, 'Byrle Charlotte', 'bcharlotte20@washingtonpost.com', 16659532, '8277 Farwell Park', 'Social Worker', '3-5 years');
insert into persona (idPersona, edad, nombre, email, telefono, direccion, ocupacion, experiencia) values (74, 52, 'Chrotoem Cory', 'ccory21@cafepress.com', 23495727, '68 Hintze Place', 'VP Product Management', '0-1 years');
insert into persona (idPersona, edad, nombre, email, telefono, direccion, ocupacion, experiencia) values (75, 110, 'Sampson Minney', 'sminney22@yahoo.com', 16134715, '4 Buell Park', 'Software Consultant', '5+ years');
insert into persona (idPersona, edad, nombre, email, telefono, direccion, ocupacion, experiencia) values (76, 120, 'Delly Knewstubb', 'dknewstubb23@gnu.org', 90321396, '83493 Trailsway Parkway', 'Senior Quality Engineer', '3-5 years');
insert into persona (idPersona, edad, nombre, email, telefono, direccion, ocupacion, experiencia) values (77, 97, 'Hubert Vaune', 'hvaune24@shop-pro.jp', 98398448, '52312 Golf Course Center', 'Safety Technician III', '1-3 years');
insert into persona (idPersona, edad, nombre, email, telefono, direccion, ocupacion, experiencia) values (78, 83, 'Jack Eckly', 'jeckly25@topsy.com', 65988897, '8741 Loomis Parkway', 'Research Associate', '1-3 years');
insert into persona (idPersona, edad, nombre, email, telefono, direccion, ocupacion, experiencia) values (79, 8, 'Reina Blunsden', 'rblunsden26@ehow.com', 71674654, '1 Memorial Street', 'Accounting Assistant I', '1-3 years');
insert into persona (idPersona, edad, nombre, email, telefono, direccion, ocupacion, experiencia) values (80, 112, 'Giffie Litton', 'glitton27@thetimes.co.uk', 92304747, '180 Farmco Parkway', 'Project Manager', '5+ years');
insert into persona (idPersona, edad, nombre, email, telefono, direccion, ocupacion, experiencia) values (81, 0, 'Ferrel Hesbrook', 'fhesbrook28@webnode.com', 25502185, '115 Acker Way', 'Computer Systems Analyst II', '5+ years');
insert into persona (idPersona, edad, nombre, email, telefono, direccion, ocupacion, experiencia) values (82, 24, 'Cally Okell', 'cokell29@icio.us', 49842887, '2 Nelson Terrace', 'Paralegal', '3-5 years');
insert into persona (idPersona, edad, nombre, email, telefono, direccion, ocupacion, experiencia) values (83, 82, 'Roderigo Kirk', 'rkirk2a@wikipedia.org', 95865785, '028 New Castle Way', 'Budget/Accounting Analyst III', '5+ years');
insert into persona (idPersona, edad, nombre, email, telefono, direccion, ocupacion, experiencia) values (84, 26, 'Carlos Enticknap', 'centicknap2b@bizjournals.com', 79778514, '80332 Ilene Trail', 'Business Systems Development Analyst', '5+ years');
insert into persona (idPersona, edad, nombre, email, telefono, direccion, ocupacion, experiencia) values (85, 63, 'Lannie Lumsdall', 'llumsdall2c@hatena.ne.jp', 59755605, '660 Maryland Point', 'Business Systems Development Analyst', '5+ years');
insert into persona (idPersona, edad, nombre, email, telefono, direccion, ocupacion, experiencia) values (86, 68, 'Kennie Trevino', 'ktrevino2d@ihg.com', 46695334, '81774 Holy Cross Center', 'Senior Financial Analyst', '0-1 years');
insert into persona (idPersona, edad, nombre, email, telefono, direccion, ocupacion, experiencia) values (87, 39, 'Gloria Robus', 'grobus2e@moonfruit.com', 43266220, '722 Vermont Junction', 'Actuary', '5+ years');
insert into persona (idPersona, edad, nombre, email, telefono, direccion, ocupacion, experiencia) values (88, 103, 'Eben Sarver', 'esarver2f@google.cn', 35149450, '7 Corben Hill', 'Chemical Engineer', '0-1 years');
insert into persona (idPersona, edad, nombre, email, telefono, direccion, ocupacion, experiencia) values (89, 17, 'Vincenty De la Eglise', 'vde2g@umn.edu', 74384779, '35 Little Fleur Center', 'Account Coordinator', '0-1 years');
insert into persona (idPersona, edad, nombre, email, telefono, direccion, ocupacion, experiencia) values (90, 87, 'Lavinie Borleace', 'lborleace2h@typepad.com', 47037537, '432 Miller Avenue', 'Payment Adjustment Coordinator', '1-3 years');
insert into persona (idPersona, edad, nombre, email, telefono, direccion, ocupacion, experiencia) values (91, 12, 'Halsy Braunes', 'hbraunes2i@washington.edu', 66855260, '756 Norway Maple Circle', 'Web Developer II', '3-5 years');
insert into persona (idPersona, edad, nombre, email, telefono, direccion, ocupacion, experiencia) values (92, 81, 'Lenci Weblin', 'lweblin2j@earthlink.net', 47348921, '225 Dennis Crossing', 'Junior Executive', '3-5 years');
insert into persona (idPersona, edad, nombre, email, telefono, direccion, ocupacion, experiencia) values (93, 72, 'Faunie Cleveley', 'fcleveley2k@mail.ru', 90910016, '65 Columbus Center', 'Research Associate', '0-1 years');
insert into persona (idPersona, edad, nombre, email, telefono, direccion, ocupacion, experiencia) values (94, 24, 'Beltran Brickwood', 'bbrickwood2l@wunderground.com', 22171558, '889 Lakeland Alley', 'Clinical Specialist', '0-1 years');
insert into persona (idPersona, edad, nombre, email, telefono, direccion, ocupacion, experiencia) values (95, 56, 'Frans Hebbes', 'fhebbes2m@nytimes.com', 33181200, '9 Carey Trail', 'Executive Secretary', '0-1 years');
insert into persona (idPersona, edad, nombre, email, telefono, direccion, ocupacion, experiencia) values (96, 58, 'Freddy Twidale', 'ftwidale2n@yolasite.com', 37474905, '316 Menomonie Court', 'Systems Administrator II', '1-3 years');
insert into persona (idPersona, edad, nombre, email, telefono, direccion, ocupacion, experiencia) values (97, 48, 'Ellerey Grodden', 'egrodden2o@1688.com', 73609398, '88255 Banding Parkway', 'Web Designer IV', '5+ years');
insert into persona (idPersona, edad, nombre, email, telefono, direccion, ocupacion, experiencia) values (98, 46, 'Micheil Shorter', 'mshorter2p@cafepress.com', 25425537, '6557 Forest Dale Drive', 'Product Engineer', '3-5 years');
insert into persona (idPersona, edad, nombre, email, telefono, direccion, ocupacion, experiencia) values (99, 28, 'Sharona Kingsland', 'skingsland2q@elpais.com', 50083600, '96049 Stephen Park', 'Food Chemist', '3-5 years');
insert into persona (idPersona, edad, nombre, email, telefono, direccion, ocupacion, experiencia) values (100, 38, 'Desiree Eam', 'deam2r@google.ru', 95661993, '011 Coolidge Hill', 'Financial Analyst', '3-5 years');

insert into vacuna (idVacuna, nombre, dosis, fecha, animal_idAnimal) values (1, 'at', 4396.69, '2008-09-11', 95);
insert into vacuna (idVacuna, nombre, dosis, fecha, animal_idAnimal) values (2, 'dolor quis odio', 2432.32, '2013-06-14', 9);
insert into vacuna (idVacuna, nombre, dosis, fecha, animal_idAnimal) values (3, 'convallis', 1760.91, '2030-05-30', 54);
insert into vacuna (idVacuna, nombre, dosis, fecha, animal_idAnimal) values (4, 'morbi porttitor', 4144.74, '1992-09-22', 93);
insert into vacuna (idVacuna, nombre, dosis, fecha, animal_idAnimal) values (5, 'montes nascetur ridiculus', 7093.34, '2012-12-18', 30);
insert into vacuna (idVacuna, nombre, dosis, fecha, animal_idAnimal) values (6, 'placerat praesent blandit nam', 260.7, '1997-05-11', 16);
insert into vacuna (idVacuna, nombre, dosis, fecha, animal_idAnimal) values (7, 'nulla ac enim', 4520.84, '1999-07-18', 29);
insert into vacuna (idVacuna, nombre, dosis, fecha, animal_idAnimal) values (8, 'eu', 1747.53, '2015-06-30', 61);
insert into vacuna (idVacuna, nombre, dosis, fecha, animal_idAnimal) values (9, 'mus etiam vel', 914.42, '2025-05-13', 91);
insert into vacuna (idVacuna, nombre, dosis, fecha, animal_idAnimal) values (10, 'libero convallis eget', 2501.5, '2008-07-16', 1);
insert into vacuna (idVacuna, nombre, dosis, fecha, animal_idAnimal) values (11, 'etiam faucibus cursus', 5224.75, '2023-08-26', 78);
insert into vacuna (idVacuna, nombre, dosis, fecha, animal_idAnimal) values (12, 'facilisi', 833.76, '2003-03-28', 12);
insert into vacuna (idVacuna, nombre, dosis, fecha, animal_idAnimal) values (13, 'erat', 8136.39, '2000-12-08', 54);
insert into vacuna (idVacuna, nombre, dosis, fecha, animal_idAnimal) values (14, 'quam sapien', 8030.58, '2025-03-03', 31);
insert into vacuna (idVacuna, nombre, dosis, fecha, animal_idAnimal) values (15, 'fermentum justo', 4898.44, '2000-01-25', 24);
insert into vacuna (idVacuna, nombre, dosis, fecha, animal_idAnimal) values (16, 'eleifend pede', 8126.76, '1997-04-01', 68);
insert into vacuna (idVacuna, nombre, dosis, fecha, animal_idAnimal) values (17, 'nibh ligula nec', 2512.05, '1997-07-31', 3);
insert into vacuna (idVacuna, nombre, dosis, fecha, animal_idAnimal) values (18, 'diam erat fermentum justo', 831.55, '2008-01-03', 13);
insert into vacuna (idVacuna, nombre, dosis, fecha, animal_idAnimal) values (19, 'praesent blandit', 9814.82, '2014-09-29', 8);
insert into vacuna (idVacuna, nombre, dosis, fecha, animal_idAnimal) values (20, 'condimentum neque', 5169.05, '2017-04-10', 5);
insert into vacuna (idVacuna, nombre, dosis, fecha, animal_idAnimal) values (21, 'lacus purus aliquet at', 6311.51, '2007-05-07', 65);
insert into vacuna (idVacuna, nombre, dosis, fecha, animal_idAnimal) values (22, 'aenean fermentum donec ut', 3653.36, '2020-02-16', 37);
insert into vacuna (idVacuna, nombre, dosis, fecha, animal_idAnimal) values (23, 'facilisi', 348.23, '2027-04-21', 40);
insert into vacuna (idVacuna, nombre, dosis, fecha, animal_idAnimal) values (24, 'eleifend quam a', 5028.4, '2012-05-18', 6);
insert into vacuna (idVacuna, nombre, dosis, fecha, animal_idAnimal) values (25, 'etiam', 4548.29, '2014-05-28', 15);
insert into vacuna (idVacuna, nombre, dosis, fecha, animal_idAnimal) values (26, 'eleifend quam a', 6858.7, '2016-02-11', 91);
insert into vacuna (idVacuna, nombre, dosis, fecha, animal_idAnimal) values (27, 'sapien iaculis congue vivamus', 7264.96, '2014-03-08', 48);
insert into vacuna (idVacuna, nombre, dosis, fecha, animal_idAnimal) values (28, 'ipsum primis in faucibus', 3200.75, '2016-09-30', 82);
insert into vacuna (idVacuna, nombre, dosis, fecha, animal_idAnimal) values (29, 'vestibulum rutrum rutrum', 464.72, '1999-05-06', 64);
insert into vacuna (idVacuna, nombre, dosis, fecha, animal_idAnimal) values (30, 'ornare consequat lectus', 6772.07, '2017-05-28', 77);
insert into vacuna (idVacuna, nombre, dosis, fecha, animal_idAnimal) values (31, 'quis turpis', 2652.6, '1990-02-04', 16);
insert into vacuna (idVacuna, nombre, dosis, fecha, animal_idAnimal) values (32, 'et', 4637.75, '2024-08-07', 47);
insert into vacuna (idVacuna, nombre, dosis, fecha, animal_idAnimal) values (33, 'cras', 7858.98, '2005-07-24', 66);
insert into vacuna (idVacuna, nombre, dosis, fecha, animal_idAnimal) values (34, 'consectetuer adipiscing', 3092.0, '2011-07-11', 61);
insert into vacuna (idVacuna, nombre, dosis, fecha, animal_idAnimal) values (35, 'platea dictumst aliquam', 6158.07, '2005-04-06', 38);
insert into vacuna (idVacuna, nombre, dosis, fecha, animal_idAnimal) values (36, 'ante', 4125.06, '1994-06-15', 52);
insert into vacuna (idVacuna, nombre, dosis, fecha, animal_idAnimal) values (37, 'mus', 6119.12, '1993-04-30', 85);
insert into vacuna (idVacuna, nombre, dosis, fecha, animal_idAnimal) values (38, 'magna vulputate luctus', 2362.51, '2004-11-11', 62);
insert into vacuna (idVacuna, nombre, dosis, fecha, animal_idAnimal) values (39, 'vitae consectetuer eget', 2695.51, '2017-06-25', 63);
insert into vacuna (idVacuna, nombre, dosis, fecha, animal_idAnimal) values (40, 'consequat morbi', 9467.38, '1994-10-15', 89);
insert into vacuna (idVacuna, nombre, dosis, fecha, animal_idAnimal) values (41, 'rhoncus sed', 502.16, '1998-07-10', 21);
insert into vacuna (idVacuna, nombre, dosis, fecha, animal_idAnimal) values (42, 'in sapien', 8438.58, '2015-12-12', 50);
insert into vacuna (idVacuna, nombre, dosis, fecha, animal_idAnimal) values (43, 'justo', 9296.21, '2000-08-04', 76);
insert into vacuna (idVacuna, nombre, dosis, fecha, animal_idAnimal) values (44, 'volutpat', 7146.54, '2000-02-09', 27);
insert into vacuna (idVacuna, nombre, dosis, fecha, animal_idAnimal) values (45, 'turpis elementum ligula', 9528.34, '2017-05-10', 90);
insert into vacuna (idVacuna, nombre, dosis, fecha, animal_idAnimal) values (46, 'pede', 8566.8, '2027-05-13', 69);
insert into vacuna (idVacuna, nombre, dosis, fecha, animal_idAnimal) values (47, 'venenatis tristique fusce congue', 7002.22, '2014-11-13', 72);
insert into vacuna (idVacuna, nombre, dosis, fecha, animal_idAnimal) values (48, 'nam dui', 2510.04, '2011-06-17', 75);
insert into vacuna (idVacuna, nombre, dosis, fecha, animal_idAnimal) values (49, 'ac', 9324.99, '2011-05-28', 12);
insert into vacuna (idVacuna, nombre, dosis, fecha, animal_idAnimal) values (50, 'amet sapien dignissim vestibulum', 6017.1, '2008-09-26', 76);
insert into vacuna (idVacuna, nombre, dosis, fecha, animal_idAnimal) values (51, 'id justo sit', 9216.27, '2001-06-29', 54);
insert into vacuna (idVacuna, nombre, dosis, fecha, animal_idAnimal) values (52, 'a', 7914.33, '2005-10-07', 10);
insert into vacuna (idVacuna, nombre, dosis, fecha, animal_idAnimal) values (53, 'nibh', 9583.93, '1990-01-21', 81);
insert into vacuna (idVacuna, nombre, dosis, fecha, animal_idAnimal) values (54, 'egestas metus aenean fermentum', 639.64, '2023-06-11', 57);
insert into vacuna (idVacuna, nombre, dosis, fecha, animal_idAnimal) values (55, 'in eleifend', 9229.54, '2020-04-19', 1);
insert into vacuna (idVacuna, nombre, dosis, fecha, animal_idAnimal) values (56, 'at', 6002.58, '2010-05-22', 31);
insert into vacuna (idVacuna, nombre, dosis, fecha, animal_idAnimal) values (57, 'eu orci mauris', 5358.82, '2023-02-22', 18);
insert into vacuna (idVacuna, nombre, dosis, fecha, animal_idAnimal) values (58, 'platea', 8991.72, '2014-10-16', 46);
insert into vacuna (idVacuna, nombre, dosis, fecha, animal_idAnimal) values (59, 'nulla suspendisse', 3409.44, '2014-12-01', 59);
insert into vacuna (idVacuna, nombre, dosis, fecha, animal_idAnimal) values (60, 'dapibus augue vel', 9688.5, '1990-03-13', 50);
insert into vacuna (idVacuna, nombre, dosis, fecha, animal_idAnimal) values (61, 'quis orci eget', 2013.33, '2006-05-02', 64);
insert into vacuna (idVacuna, nombre, dosis, fecha, animal_idAnimal) values (62, 'lectus', 6155.08, '2012-07-09', 56);
insert into vacuna (idVacuna, nombre, dosis, fecha, animal_idAnimal) values (63, 'libero non mattis', 6642.69, '2021-12-23', 66);
insert into vacuna (idVacuna, nombre, dosis, fecha, animal_idAnimal) values (64, 'et', 7200.06, '2025-01-15', 69);
insert into vacuna (idVacuna, nombre, dosis, fecha, animal_idAnimal) values (65, 'imperdiet et commodo', 9609.2, '2023-08-18', 68);
insert into vacuna (idVacuna, nombre, dosis, fecha, animal_idAnimal) values (66, 'sapien cursus vestibulum proin', 1347.82, '2022-03-06', 11);
insert into vacuna (idVacuna, nombre, dosis, fecha, animal_idAnimal) values (67, 'purus', 1125.6, '2026-12-10', 40);
insert into vacuna (idVacuna, nombre, dosis, fecha, animal_idAnimal) values (68, 'sed nisl nunc', 9706.31, '2003-12-03', 54);
insert into vacuna (idVacuna, nombre, dosis, fecha, animal_idAnimal) values (69, 'sit amet', 3885.62, '2009-03-24', 20);
insert into vacuna (idVacuna, nombre, dosis, fecha, animal_idAnimal) values (70, 'quam', 4213.53, '2016-01-21', 51);
insert into vacuna (idVacuna, nombre, dosis, fecha, animal_idAnimal) values (71, 'felis', 8190.31, '1991-09-18', 66);
insert into vacuna (idVacuna, nombre, dosis, fecha, animal_idAnimal) values (72, 'luctus et', 551.2, '2028-05-07', 11);
insert into vacuna (idVacuna, nombre, dosis, fecha, animal_idAnimal) values (73, 'vivamus vestibulum sagittis sapien', 821.53, '1991-01-12', 2);
insert into vacuna (idVacuna, nombre, dosis, fecha, animal_idAnimal) values (74, 'accumsan', 7666.87, '2022-09-29', 83);
insert into vacuna (idVacuna, nombre, dosis, fecha, animal_idAnimal) values (75, 'quis', 2021.89, '2006-06-26', 13);
insert into vacuna (idVacuna, nombre, dosis, fecha, animal_idAnimal) values (76, 'at velit eu', 9715.54, '2001-05-10', 94);
insert into vacuna (idVacuna, nombre, dosis, fecha, animal_idAnimal) values (77, 'sed lacus morbi', 8881.5, '2001-04-09', 65);
insert into vacuna (idVacuna, nombre, dosis, fecha, animal_idAnimal) values (78, 'erat', 7743.55, '2005-02-26', 76);
insert into vacuna (idVacuna, nombre, dosis, fecha, animal_idAnimal) values (79, 'nulla pede', 847.58, '2005-01-13', 48);
insert into vacuna (idVacuna, nombre, dosis, fecha, animal_idAnimal) values (80, 'at nibh in hac', 5677.34, '2000-08-08', 52);
insert into vacuna (idVacuna, nombre, dosis, fecha, animal_idAnimal) values (81, 'duis consequat', 2083.95, '2006-07-17', 54);
insert into vacuna (idVacuna, nombre, dosis, fecha, animal_idAnimal) values (82, 'turpis', 5995.47, '2001-03-26', 39);
insert into vacuna (idVacuna, nombre, dosis, fecha, animal_idAnimal) values (83, 'sed magna', 8653.95, '1993-03-29', 23);
insert into vacuna (idVacuna, nombre, dosis, fecha, animal_idAnimal) values (84, 'odio curabitur', 7197.27, '1995-07-20', 12);
insert into vacuna (idVacuna, nombre, dosis, fecha, animal_idAnimal) values (85, 'amet', 9813.83, '2021-05-01', 63);
insert into vacuna (idVacuna, nombre, dosis, fecha, animal_idAnimal) values (86, 'pellentesque', 2913.26, '2001-11-09', 92);
insert into vacuna (idVacuna, nombre, dosis, fecha, animal_idAnimal) values (87, 'sapien varius ut blandit', 1482.27, '2011-06-02', 62);
insert into vacuna (idVacuna, nombre, dosis, fecha, animal_idAnimal) values (88, 'urna pretium nisl', 2797.92, '1990-01-07', 29);
insert into vacuna (idVacuna, nombre, dosis, fecha, animal_idAnimal) values (89, 'donec quis', 8353.52, '2016-10-13', 64);
insert into vacuna (idVacuna, nombre, dosis, fecha, animal_idAnimal) values (90, 'molestie hendrerit', 4769.35, '2000-07-26', 94);
insert into vacuna (idVacuna, nombre, dosis, fecha, animal_idAnimal) values (91, 'id pretium iaculis', 9990.55, '1997-11-09', 75);
insert into vacuna (idVacuna, nombre, dosis, fecha, animal_idAnimal) values (92, 'ac nulla sed vel', 6023.11, '2023-08-11', 100);
insert into vacuna (idVacuna, nombre, dosis, fecha, animal_idAnimal) values (93, 'rutrum ac lobortis', 6464.4, '2013-09-09', 29);
insert into vacuna (idVacuna, nombre, dosis, fecha, animal_idAnimal) values (94, 'ipsum praesent blandit', 9463.27, '1995-01-20', 70);
insert into vacuna (idVacuna, nombre, dosis, fecha, animal_idAnimal) values (95, 'tincidunt', 8736.48, '2005-03-25', 73);
insert into vacuna (idVacuna, nombre, dosis, fecha, animal_idAnimal) values (96, 'amet justo morbi ut', 7986.23, '1992-03-22', 30);
insert into vacuna (idVacuna, nombre, dosis, fecha, animal_idAnimal) values (97, 'ridiculus mus vivamus', 174.67, '2003-06-07', 33);
insert into vacuna (idVacuna, nombre, dosis, fecha, animal_idAnimal) values (98, 'erat vestibulum', 8596.42, '2012-10-19', 80);
insert into vacuna (idVacuna, nombre, dosis, fecha, animal_idAnimal) values (99, 'nulla', 4830.59, '1997-02-20', 7);
insert into vacuna (idVacuna, nombre, dosis, fecha, animal_idAnimal) values (100, 'morbi vestibulum', 2898.82, '2015-05-20', 61);

insert into solicitud (animal_idAnimal, persona_idPersona, estado, fechaAdopcion, fechaEnvio) values (89, 15, 2, '1995-07-27', '1994-10-05');
insert into solicitud (animal_idAnimal, persona_idPersona, estado, fechaAdopcion, fechaEnvio) values (99, 1, 2, '2026-01-26', '2025-07-16');
insert into solicitud (animal_idAnimal, persona_idPersona, estado, fechaAdopcion, fechaEnvio) values (20, 19, 1, '2009-05-21', '2018-01-28');
insert into solicitud (animal_idAnimal, persona_idPersona, estado, fechaAdopcion, fechaEnvio) values (2, 90, 3, '1999-01-01', '2014-01-01');
insert into solicitud (animal_idAnimal, persona_idPersona, estado, fechaAdopcion, fechaEnvio) values (24, 57, 1, '2000-10-06', '2004-12-09');
insert into solicitud (animal_idAnimal, persona_idPersona, estado, fechaAdopcion, fechaEnvio) values (57, 62, 1, '1991-12-05', '2013-02-08');
insert into solicitud (animal_idAnimal, persona_idPersona, estado, fechaAdopcion, fechaEnvio) values (14, 40, 2, '1998-05-09', '2020-10-29');
insert into solicitud (animal_idAnimal, persona_idPersona, estado, fechaAdopcion, fechaEnvio) values (86, 44, 3, '2005-12-10', '2002-08-27');
insert into solicitud (animal_idAnimal, persona_idPersona, estado, fechaAdopcion, fechaEnvio) values (78, 59, 1, '2024-10-20', '1997-12-08');
insert into solicitud (animal_idAnimal, persona_idPersona, estado, fechaAdopcion, fechaEnvio) values (90, 69, 3, '2002-05-22', '1998-09-03');
insert into solicitud (animal_idAnimal, persona_idPersona, estado, fechaAdopcion, fechaEnvio) values (93, 89, 2, '2004-08-26', '2011-12-26');
insert into solicitud (animal_idAnimal, persona_idPersona, estado, fechaAdopcion, fechaEnvio) values (97, 11, 3, '2010-02-10', '1990-01-09');
insert into solicitud (animal_idAnimal, persona_idPersona, estado, fechaAdopcion, fechaEnvio) values (7, 51, 3, '1999-09-04', '2020-11-19');
insert into solicitud (animal_idAnimal, persona_idPersona, estado, fechaAdopcion, fechaEnvio) values (62, 56, 2, '2018-02-24', '2017-07-19');
insert into solicitud (animal_idAnimal, persona_idPersona, estado, fechaAdopcion, fechaEnvio) values (79, 79, 3, '1999-08-24', '2015-01-20');
insert into solicitud (animal_idAnimal, persona_idPersona, estado, fechaAdopcion, fechaEnvio) values (59, 68, 3, '2005-05-09', '2008-11-29');
insert into solicitud (animal_idAnimal, persona_idPersona, estado, fechaAdopcion, fechaEnvio) values (43, 54, 3, '2025-11-17', '2011-07-11');
insert into solicitud (animal_idAnimal, persona_idPersona, estado, fechaAdopcion, fechaEnvio) values (54, 39, 2, '2015-08-27', '2025-02-11');
insert into solicitud (animal_idAnimal, persona_idPersona, estado, fechaAdopcion, fechaEnvio) values (6, 22, 3, '2002-06-13', '2005-11-05');
insert into solicitud (animal_idAnimal, persona_idPersona, estado, fechaAdopcion, fechaEnvio) values (94, 13, 1, '2019-12-27', '2000-07-15');
insert into solicitud (animal_idAnimal, persona_idPersona, estado, fechaAdopcion, fechaEnvio) values (100, 51, 3, '2006-10-11', '1994-12-26');
insert into solicitud (animal_idAnimal, persona_idPersona, estado, fechaAdopcion, fechaEnvio) values (36, 51, 3, '2027-12-24', '2030-01-19');
insert into solicitud (animal_idAnimal, persona_idPersona, estado, fechaAdopcion, fechaEnvio) values (1, 38, 3, '2006-10-09', '2026-04-04');
insert into solicitud (animal_idAnimal, persona_idPersona, estado, fechaAdopcion, fechaEnvio) values (59, 84, 1, '1990-06-21', '2014-11-21');
insert into solicitud (animal_idAnimal, persona_idPersona, estado, fechaAdopcion, fechaEnvio) values (19, 35, 3, '2008-05-25', '2015-09-05');
insert into solicitud (animal_idAnimal, persona_idPersona, estado, fechaAdopcion, fechaEnvio) values (63, 4, 2, '2011-12-24', '2007-11-12');
insert into solicitud (animal_idAnimal, persona_idPersona, estado, fechaAdopcion, fechaEnvio) values (12, 45, 2, '2020-12-07', '1998-10-02');
insert into solicitud (animal_idAnimal, persona_idPersona, estado, fechaAdopcion, fechaEnvio) values (39, 58, 1, '2009-05-29', '2012-04-30');
insert into solicitud (animal_idAnimal, persona_idPersona, estado, fechaAdopcion, fechaEnvio) values (54, 42, 3, '2023-02-11', '2012-09-27');
insert into solicitud (animal_idAnimal, persona_idPersona, estado, fechaAdopcion, fechaEnvio) values (67, 9, 1, '2006-01-18', '2000-03-01');
insert into solicitud (animal_idAnimal, persona_idPersona, estado, fechaAdopcion, fechaEnvio) values (27, 87, 2, '2023-09-10', '1994-07-02');
insert into solicitud (animal_idAnimal, persona_idPersona, estado, fechaAdopcion, fechaEnvio) values (89, 8, 2, '1995-02-16', '2021-06-13');
insert into solicitud (animal_idAnimal, persona_idPersona, estado, fechaAdopcion, fechaEnvio) values (4, 73, 2, '1992-01-02', '1993-07-25');
insert into solicitud (animal_idAnimal, persona_idPersona, estado, fechaAdopcion, fechaEnvio) values (6, 28, 2, '1994-10-04', '2003-06-27');
insert into solicitud (animal_idAnimal, persona_idPersona, estado, fechaAdopcion, fechaEnvio) values (31, 34, 2, '2024-10-16', '2004-08-09');
insert into solicitud (animal_idAnimal, persona_idPersona, estado, fechaAdopcion, fechaEnvio) values (57, 2, 3, '2005-10-23', '2011-11-26');
insert into solicitud (animal_idAnimal, persona_idPersona, estado, fechaAdopcion, fechaEnvio) values (42, 5, 2, '2020-03-04', '2025-08-22');
insert into solicitud (animal_idAnimal, persona_idPersona, estado, fechaAdopcion, fechaEnvio) values (70, 92, 2, '2024-07-08', '2001-03-06');
insert into solicitud (animal_idAnimal, persona_idPersona, estado, fechaAdopcion, fechaEnvio) values (15, 7, 2, '1990-09-26', '2025-11-17');
insert into solicitud (animal_idAnimal, persona_idPersona, estado, fechaAdopcion, fechaEnvio) values (91, 91, 1, '1999-02-04', '1999-01-27');
insert into solicitud (animal_idAnimal, persona_idPersona, estado, fechaAdopcion, fechaEnvio) values (1, 7, 2, '2028-12-12', '1990-11-12');
insert into solicitud (animal_idAnimal, persona_idPersona, estado, fechaAdopcion, fechaEnvio) values (73, 100, 3, '2005-02-28', '2019-06-18');
insert into solicitud (animal_idAnimal, persona_idPersona, estado, fechaAdopcion, fechaEnvio) values (72, 86, 1, '2027-07-22', '2014-12-09');
insert into solicitud (animal_idAnimal, persona_idPersona, estado, fechaAdopcion, fechaEnvio) values (20, 34, 3, '2028-03-02', '2025-05-19');
insert into solicitud (animal_idAnimal, persona_idPersona, estado, fechaAdopcion, fechaEnvio) values (75, 88, 1, '2001-10-10', '1999-08-15');
insert into solicitud (animal_idAnimal, persona_idPersona, estado, fechaAdopcion, fechaEnvio) values (93, 39, 1, '2006-02-02', '1994-02-20');
insert into solicitud (animal_idAnimal, persona_idPersona, estado, fechaAdopcion, fechaEnvio) values (92, 81, 3, '1994-02-04', '2003-04-10');
insert into solicitud (animal_idAnimal, persona_idPersona, estado, fechaAdopcion, fechaEnvio) values (29, 69, 1, '2017-07-03', '2010-12-13');
insert into solicitud (animal_idAnimal, persona_idPersona, estado, fechaAdopcion, fechaEnvio) values (2, 30, 2, '2023-03-21', '2028-07-29');
insert into solicitud (animal_idAnimal, persona_idPersona, estado, fechaAdopcion, fechaEnvio) values (30, 77, 1, '2013-08-07', '2011-04-07');
insert into solicitud (animal_idAnimal, persona_idPersona, estado, fechaAdopcion, fechaEnvio) values (41, 66, 1, '1994-01-13', '2030-03-29');
insert into solicitud (animal_idAnimal, persona_idPersona, estado, fechaAdopcion, fechaEnvio) values (16, 14, 2, '2011-07-23', '1991-03-16');
insert into solicitud (animal_idAnimal, persona_idPersona, estado, fechaAdopcion, fechaEnvio) values (55, 12, 1, '2005-06-08', '1997-02-01');
insert into solicitud (animal_idAnimal, persona_idPersona, estado, fechaAdopcion, fechaEnvio) values (95, 63, 3, '1996-09-17', '2004-02-29');
insert into solicitud (animal_idAnimal, persona_idPersona, estado, fechaAdopcion, fechaEnvio) values (10, 44, 3, '2001-11-16', '2019-08-16');
insert into solicitud (animal_idAnimal, persona_idPersona, estado, fechaAdopcion, fechaEnvio) values (11, 45, 1, '2025-06-03', '2029-04-15');
insert into solicitud (animal_idAnimal, persona_idPersona, estado, fechaAdopcion, fechaEnvio) values (4, 15, 2, '2027-12-25', '2000-03-05');
insert into solicitud (animal_idAnimal, persona_idPersona, estado, fechaAdopcion, fechaEnvio) values (47, 73, 2, '2029-06-06', '2000-09-04');
insert into solicitud (animal_idAnimal, persona_idPersona, estado, fechaAdopcion, fechaEnvio) values (43, 74, 2, '2030-10-10', '2025-06-15');
insert into solicitud (animal_idAnimal, persona_idPersona, estado, fechaAdopcion, fechaEnvio) values (67, 53, 2, '1996-12-05', '1996-10-16');
insert into solicitud (animal_idAnimal, persona_idPersona, estado, fechaAdopcion, fechaEnvio) values (22, 56, 1, '1993-06-29', '2011-04-13');
insert into solicitud (animal_idAnimal, persona_idPersona, estado, fechaAdopcion, fechaEnvio) values (70, 85, 3, '2029-04-11', '1990-02-25');
insert into solicitud (animal_idAnimal, persona_idPersona, estado, fechaAdopcion, fechaEnvio) values (97, 56, 3, '1995-09-06', '2006-07-01');
insert into solicitud (animal_idAnimal, persona_idPersona, estado, fechaAdopcion, fechaEnvio) values (60, 71, 3, '2003-06-06', '2028-01-26');
insert into solicitud (animal_idAnimal, persona_idPersona, estado, fechaAdopcion, fechaEnvio) values (52, 37, 3, '2014-11-06', '2024-09-13');
insert into solicitud (animal_idAnimal, persona_idPersona, estado, fechaAdopcion, fechaEnvio) values (79, 93, 2, '1991-05-14', '1991-05-30');
insert into solicitud (animal_idAnimal, persona_idPersona, estado, fechaAdopcion, fechaEnvio) values (99, 60, 3, '2017-06-25', '2003-06-13');
insert into solicitud (animal_idAnimal, persona_idPersona, estado, fechaAdopcion, fechaEnvio) values (51, 63, 1, '1996-01-24', '2000-10-02');
insert into solicitud (animal_idAnimal, persona_idPersona, estado, fechaAdopcion, fechaEnvio) values (61, 74, 1, '2007-02-18', '2019-05-09');
insert into solicitud (animal_idAnimal, persona_idPersona, estado, fechaAdopcion, fechaEnvio) values (5, 69, 3, '2014-03-05', '2026-10-06');
insert into solicitud (animal_idAnimal, persona_idPersona, estado, fechaAdopcion, fechaEnvio) values (23, 81, 2, '1990-01-03', '2030-02-16');
insert into solicitud (animal_idAnimal, persona_idPersona, estado, fechaAdopcion, fechaEnvio) values (62, 24, 1, '2000-03-26', '1998-07-23');
insert into solicitud (animal_idAnimal, persona_idPersona, estado, fechaAdopcion, fechaEnvio) values (50, 63, 2, '2030-02-13', '2002-09-06');
insert into solicitud (animal_idAnimal, persona_idPersona, estado, fechaAdopcion, fechaEnvio) values (45, 26, 2, '2023-09-25', '2000-03-11');
insert into solicitud (animal_idAnimal, persona_idPersona, estado, fechaAdopcion, fechaEnvio) values (3, 12, 3, '2019-09-12', '2013-06-16');
insert into solicitud (animal_idAnimal, persona_idPersona, estado, fechaAdopcion, fechaEnvio) values (68, 51, 1, '2013-07-05', '1991-03-23');
insert into solicitud (animal_idAnimal, persona_idPersona, estado, fechaAdopcion, fechaEnvio) values (75, 95, 1, '2029-10-25', '1991-12-30');
insert into solicitud (animal_idAnimal, persona_idPersona, estado, fechaAdopcion, fechaEnvio) values (25, 79, 1, '2006-03-14', '2020-11-28');
insert into solicitud (animal_idAnimal, persona_idPersona, estado, fechaAdopcion, fechaEnvio) values (23, 59, 3, '1990-11-24', '2005-11-19');
insert into solicitud (animal_idAnimal, persona_idPersona, estado, fechaAdopcion, fechaEnvio) values (83, 80, 2, '2021-03-27', '2000-11-18');
insert into solicitud (animal_idAnimal, persona_idPersona, estado, fechaAdopcion, fechaEnvio) values (88, 11, 2, '1994-06-19', '2018-03-28');
insert into solicitud (animal_idAnimal, persona_idPersona, estado, fechaAdopcion, fechaEnvio) values (27, 32, 3, '1994-06-25', '2001-06-01');
insert into solicitud (animal_idAnimal, persona_idPersona, estado, fechaAdopcion, fechaEnvio) values (99, 71, 3, '1999-02-07', '2030-10-25');
insert into solicitud (animal_idAnimal, persona_idPersona, estado, fechaAdopcion, fechaEnvio) values (24, 85, 2, '2003-12-25', '2016-08-21');
insert into solicitud (animal_idAnimal, persona_idPersona, estado, fechaAdopcion, fechaEnvio) values (53, 60, 3, '1991-08-16', '2015-08-24');
insert into solicitud (animal_idAnimal, persona_idPersona, estado, fechaAdopcion, fechaEnvio) values (86, 42, 2, '2001-09-28', '2015-01-18');
insert into solicitud (animal_idAnimal, persona_idPersona, estado, fechaAdopcion, fechaEnvio) values (31, 19, 2, '2023-01-21', '1998-11-07');
insert into solicitud (animal_idAnimal, persona_idPersona, estado, fechaAdopcion, fechaEnvio) values (39, 59, 3, '2004-03-03', '2008-06-10');
insert into solicitud (animal_idAnimal, persona_idPersona, estado, fechaAdopcion, fechaEnvio) values (68, 100, 3, '1997-06-10', '2002-01-17');
insert into solicitud (animal_idAnimal, persona_idPersona, estado, fechaAdopcion, fechaEnvio) values (25, 84, 1, '2011-03-15', '2027-11-09');
insert into solicitud (animal_idAnimal, persona_idPersona, estado, fechaAdopcion, fechaEnvio) values (58, 85, 1, '2001-06-25', '2015-06-10');
insert into solicitud (animal_idAnimal, persona_idPersona, estado, fechaAdopcion, fechaEnvio) values (74, 82, 2, '2012-10-31', '1993-11-22');
insert into solicitud (animal_idAnimal, persona_idPersona, estado, fechaAdopcion, fechaEnvio) values (5, 42, 1, '1995-10-23', '2018-01-05');
insert into solicitud (animal_idAnimal, persona_idPersona, estado, fechaAdopcion, fechaEnvio) values (66, 56, 3, '1991-05-10', '1997-11-21');
insert into solicitud (animal_idAnimal, persona_idPersona, estado, fechaAdopcion, fechaEnvio) values (19, 70, 3, '2025-04-16', '2005-04-05');
insert into solicitud (animal_idAnimal, persona_idPersona, estado, fechaAdopcion, fechaEnvio) values (42, 10, 3, '2006-09-08', '2003-01-10');
insert into solicitud (animal_idAnimal, persona_idPersona, estado, fechaAdopcion, fechaEnvio) values (94, 84, 2, '1992-05-04', '1998-05-27');
insert into solicitud (animal_idAnimal, persona_idPersona, estado, fechaAdopcion, fechaEnvio) values (76, 36, 2, '2022-01-03', '1992-09-08');
insert into solicitud (animal_idAnimal, persona_idPersona, estado, fechaAdopcion, fechaEnvio) values (53, 71, 2, '2007-11-30', '2007-11-30');
insert into solicitud (animal_idAnimal, persona_idPersona, estado, fechaAdopcion, fechaEnvio) values (62, 9, 2, '2008-03-16', '2024-03-27');