/*
insert into persona (idPersona, edad, nombre, email, telefono, direccion, ocupacion, experiencia) values (2, 36, 'Gare Treneman', 'gtreneman1@wisc.edu', 28169901, '394 Westridge Way', 'Chemical Engineer', '5+years');
insert into persona (idPersona, edad, nombre, email, telefono, direccion, ocupacion, experiencia) values (3, 40, 'Padraic McCrory', 'pmccrory2@github.com', 28855187, '6508 Crowley Drive', 'VP Quality Control', '5+years');
insert into persona (idPersona, edad, nombre, email, telefono, direccion, ocupacion, experiencia) values (4, 6, 'Karalee Glen', 'kglen3@google.ca', 77032876, '67 Luster Hill', 'Account Executive', '1-3years');
insert into persona (idPersona, edad, nombre, email, telefono, direccion, ocupacion, experiencia) values (5, 115, 'Klement Stell', 'kstell4@lulu.com', 92100762, '37 Pleasure Alley', 'Web Designer I', '0-1years');
insert into persona (idPersona, edad, nombre, email, telefono, direccion, ocupacion, experiencia) values (6, 0, 'Luella Spencers', 'lspencers5@altervista.org', 86471230, '074 Fairfield Alley', 'Chief Design Engineer', '5+years');
insert into persona (idPersona, edad, nombre, email, telefono, direccion, ocupacion, experiencia) values (7, 66, 'Esme Harvison', 'eharvison6@ask.com', 28902456, '160 Summit Park', 'Computer Systems Analyst II', '0-1years');
insert into persona (idPersona, edad, nombre, email, telefono, direccion, ocupacion, experiencia) values (8, 80, 'Elie Grouvel', 'egrouvel7@123-reg.co.uk', 89550930, '7795 Kipling Center', 'Speech Pathologist', '3-5years');
insert into persona (idPersona, edad, nombre, email, telefono, direccion, ocupacion, experiencia) values (9, 16, 'Willamina Rumbold', 'wrumbold8@prlog.org', 81697353, '704 Farragut Point', 'Analog Circuit Design manager', '0-1years');
insert into persona (idPersona, edad, nombre, email, telefono, direccion, ocupacion, experiencia) values (10, 22, 'Elmira Strowan', 'estrowan9@techcrunch.com', 67854880, '3 Crescent Oaks Hill', 'Senior Developer', '0-1years');
insert into persona (idPersona, edad, nombre, email, telefono, direccion, ocupacion, experiencia) values (11, 112, 'Caril Janeway', 'cjanewaya@springer.com', 76337950, '825 Ronald Regan Crossing', 'Nuclear Power Engineer', '0-1years');
insert into persona (idPersona, edad, nombre, email, telefono, direccion, ocupacion, experiencia) values (12, 114, 'Lauritz Purnell', 'lpurnellb@aboutads.info', 51662244, '6 Packers Trail', 'Marketing Manager', '5+years');
insert into persona (idPersona, edad, nombre, email, telefono, direccion, ocupacion, experiencia) values (13, 34, 'Vallie Pendell', 'vpendellc@gov.uk', 53244017, '297 Marcy Road', 'Systems Administrator III', '3-5years');
insert into persona (idPersona, edad, nombre, email, telefono, direccion, ocupacion, experiencia) values (14, 100, 'Malory Merrell', 'mmerrelld@umn.edu', 40693656, '3283 Grim Lane', 'Assistant Manager', '5+years');
insert into persona (idPersona, edad, nombre, email, telefono, direccion, ocupacion, experiencia) values (15, 75, 'Hyacinthie Barthelet', 'hbarthelete@nsw.gov.au', 16306081, '0837 La Follette Junction', 'Director of Sales', '1-3years');
insert into persona (idPersona, edad, nombre, email, telefono, direccion, ocupacion, experiencia) values (16, 43, 'Brita Mayston', 'bmaystonf@sfgate.com', 81322597, '41485 Manitowish Place', 'Senior Sales Associate', '5+years');
insert into persona (idPersona, edad, nombre, email, telefono, direccion, ocupacion, experiencia) values (17, 35, 'Anissa Carrodus', 'acarrodusg@businessinsider.com', 45187972, '902 Farragut Place', 'Research Assistant IV', '5+years');
insert into persona (idPersona, edad, nombre, email, telefono, direccion, ocupacion, experiencia) values (18, 37, 'Shoshanna Pim', 'spimh@parallels.com', 24217995, '0 Briar Crest Street', 'Product Engineer', '3-5years');
insert into persona (idPersona, edad, nombre, email, telefono, direccion, ocupacion, experiencia) values (19, 60, 'Huntington Hanning', 'hhanningi@answers.com', 62938230, '51198 Towne Avenue', 'Pharmacist', '5+years');
insert into persona (idPersona, edad, nombre, email, telefono, direccion, ocupacion, experiencia) values (20, 70, 'Laina Clere', 'lclerej@wiley.com', 89229814, '3287 Dexter Plaza', 'Help Desk Technician', '0-1years');
insert into persona (idPersona, edad, nombre, email, telefono, direccion, ocupacion, experiencia) values (21, 79, 'Roda Forestel', 'rforestelk@about.me', 16697595, '23 Lukken Park', 'Data Coordinator', '0-1years');
insert into persona (idPersona, edad, nombre, email, telefono, direccion, ocupacion, experiencia) values (22, 81, 'Page Byne', 'pbynel@kickstarter.com', 69090199, '201 Meadow Valley Point', 'Product Engineer', '3-5years');
insert into persona (idPersona, edad, nombre, email, telefono, direccion, ocupacion, experiencia) values (23, 105, 'Jillie Raulstone', 'jraulstonem@qq.com', 95370408, '3294 Charing Cross Crossing', 'Assistant Manager', '3-5years');
insert into persona (idPersona, edad, nombre, email, telefono, direccion, ocupacion, experiencia) values (24, 5, 'Duke Mcwhinnie', 'dmcwhinnien@fastcompany.com', 20278606, '07310 Stephen Trail', 'Recruiter', '5+years');
insert into persona (idPersona, edad, nombre, email, telefono, direccion, ocupacion, experiencia) values (25, 5, 'Marve Zincke', 'mzinckeo@qq.com', 72075496, '14 Kedzie Crossing', 'Assistant Media Planner', '0-1years');
insert into persona (idPersona, edad, nombre, email, telefono, direccion, ocupacion, experiencia) values (26, 7, 'Nora Rydzynski', 'nrydzynskip@xing.com', 62789484, '1 Larry Center', 'Sales Representative', '0-1years');
insert into persona (idPersona, edad, nombre, email, telefono, direccion, ocupacion, experiencia) values (27, 64, 'Trace Nind', 'tnindq@friendfeed.com', 63805764, '11912 Dapin Avenue', 'Programmer IV', '5+years');
insert into persona (idPersona, edad, nombre, email, telefono, direccion, ocupacion, experiencia) values (28, 37, 'Charlie Albiston', 'calbistonr@berkeley.edu', 30126761, '58550 Portage Street', 'Quality Control Specialist', '0-1years');
insert into persona (idPersona, edad, nombre, email, telefono, direccion, ocupacion, experiencia) values (29, 106, 'Elvis Plante', 'eplantes@unesco.org', 18909670, '2 Macpherson Point', 'Assistant Media Planner', '0-1years');
insert into persona (idPersona, edad, nombre, email, telefono, direccion, ocupacion, experiencia) values (30, 116, 'Cyb Larkings', 'clarkingst@blinklist.com', 81511142, '940 Stang Way', 'Human Resources Manager', '3-5years');
insert into persona (idPersona, edad, nombre, email, telefono, direccion, ocupacion, experiencia) values (31, 92, 'Allen Bullerwell', 'abullerwellu@hatena.ne.jp', 92717172, '489 Warrior Way', 'Human Resources Assistant III', '0-1years');
insert into persona (idPersona, edad, nombre, email, telefono, direccion, ocupacion, experiencia) values (32, 112, 'Valdemar Pinnington', 'vpinningtonv@earthlink.net', 56501159, '1 Delladonna Street', 'Financial Advisor', '0-1years');
insert into persona (idPersona, edad, nombre, email, telefono, direccion, ocupacion, experiencia) values (33, 120, 'Ely Budibent', 'ebudibentw@theatlantic.com', 77132171, '75878 Jenifer Pass', 'Human Resources Assistant III', '0-1years');
insert into persona (idPersona, edad, nombre, email, telefono, direccion, ocupacion, experiencia) values (34, 105, 'Mada Blankau', 'mblankaux@earthlink.net', 52152800, '97036 Farragut Parkway', 'Nuclear Power Engineer', '3-5years');
insert into persona (idPersona, edad, nombre, email, telefono, direccion, ocupacion, experiencia) values (35, 33, 'Gallagher Quarterman', 'gquartermany@scribd.com', 46439798, '88002 Novick Parkway', 'Senior Financial Analyst', '3-5years');
insert into persona (idPersona, edad, nombre, email, telefono, direccion, ocupacion, experiencia) values (36, 102, 'Lizzy Connell', 'lconnellz@woothemes.com', 14427782, '705 Goodland Circle', 'Quality Control Specialist', '1-3years');
insert into persona (idPersona, edad, nombre, email, telefono, direccion, ocupacion, experiencia) values (37, 29, 'Emmye Benneton', 'ebenneton10@yelp.com', 96741776, '82 Ridgeway Terrace', 'Computer Systems Analyst I', '5+years');
insert into persona (idPersona, edad, nombre, email, telefono, direccion, ocupacion, experiencia) values (38, 48, 'Stacee Pointin', 'spointin11@cornell.edu', 45285172, '98 Graedel Terrace', 'Chemical Engineer', '5+years');
insert into persona (idPersona, edad, nombre, email, telefono, direccion, ocupacion, experiencia) values (39, 89, 'Delia Huntriss', 'dhuntriss12@dot.gov', 45566937, '0 Bayside Hill', 'Research Assistant I', '1-3years');
insert into persona (idPersona, edad, nombre, email, telefono, direccion, ocupacion, experiencia) values (40, 111, 'Broderic Steynor', 'bsteynor13@about.me', 63891495, '675 Warrior Center', 'Research Associate', '1-3years');
insert into persona (idPersona, edad, nombre, email, telefono, direccion, ocupacion, experiencia) values (41, 90, 'Cyrillus Stowgill', 'cstowgill14@gov.uk', 28536697, '658 Longview Crossing', 'Financial Analyst', '3-5years');
insert into persona (idPersona, edad, nombre, email, telefono, direccion, ocupacion, experiencia) values (42, 91, 'Rossy Mibourne', 'rmibourne15@weibo.com', 37345628, '3 Oak Valley Center', 'Accountant I', '5+years');
insert into persona (idPersona, edad, nombre, email, telefono, direccion, ocupacion, experiencia) values (43, 75, 'Roi Trownson', 'rtrownson16@chron.com', 49802277, '954 Transport Trail', 'Senior Quality Engineer', '5+years');
insert into persona (idPersona, edad, nombre, email, telefono, direccion, ocupacion, experiencia) values (44, 23, 'Bernita McFadin', 'bmcfadin17@jigsy.com', 94663709, '27 1st Road', 'Graphic Designer', '3-5years');
insert into persona (idPersona, edad, nombre, email, telefono, direccion, ocupacion, experiencia) values (45, 86, 'Emmie Mowsdill', 'emowsdill18@seesaa.net', 33209246, '71361 Bluejay Lane', 'Environmental Specialist', '5+years');
insert into persona (idPersona, edad, nombre, email, telefono, direccion, ocupacion, experiencia) values (46, 9, 'Peterus Brevetor', 'pbrevetor19@scientificamerican.com', 59792572, '13 Barnett Plaza', 'Assistant Manager', '1-3years');
insert into persona (idPersona, edad, nombre, email, telefono, direccion, ocupacion, experiencia) values (47, 66, 'Osbert Greger', 'ogreger1a@ibm.com', 27188548, '00 Judy Court', 'Administrative Assistant I', '3-5years');
insert into persona (idPersona, edad, nombre, email, telefono, direccion, ocupacion, experiencia) values (48, 59, 'Merridie Pantlin', 'mpantlin1b@miitbeian.gov.cn', 80320458, '36023 Trailsway Lane', 'General Manager', '3-5years');
insert into persona (idPersona, edad, nombre, email, telefono, direccion, ocupacion, experiencia) values (49, 10, 'Emelina Kitney', 'ekitney1c@hugedomains.com', 22222369, '1 Amoth Crossing', 'Pharmacist', '5+years');
insert into persona (idPersona, edad, nombre, email, telefono, direccion, ocupacion, experiencia) values (50, 97, 'Veronica Capron', 'vcapron1d@cam.ac.uk', 76045168, '6298 Sherman Road', 'GIS Technical Architect', '5+years');
insert into persona (idPersona, edad, nombre, email, telefono, direccion, ocupacion, experiencia) values (51, 34, 'Weylin Kleinhaut', 'wkleinhaut1e@wired.com', 82713149, '70 Doe Crossing Pass', 'Dental Hygienist', '0-1years');
insert into persona (idPersona, edad, nombre, email, telefono, direccion, ocupacion, experiencia) values (52, 119, 'Adelaida Wharfe', 'awharfe1f@ft.com', 26629384, '44499 Quincy Pass', 'Operator', '1-3years');
insert into persona (idPersona, edad, nombre, email, telefono, direccion, ocupacion, experiencia) values (53, 109, 'Dino Sedcole', 'dsedcole1g@who.int', 21334120, '232 Derek Avenue', 'Automation Specialist III', '0-1years');
insert into persona (idPersona, edad, nombre, email, telefono, direccion, ocupacion, experiencia) values (54, 99, 'Krissie Antonat', 'kantonat1h@skype.com', 94491861, '72768 Fisk Road', 'Geological Engineer', '5+years');
insert into persona (idPersona, edad, nombre, email, telefono, direccion, ocupacion, experiencia) values (55, 59, 'Bradly Henkens', 'bhenkens1i@t.co', 83865757, '76014 Arrowood Place', 'Senior Sales Associate', '5+years');
insert into persona (idPersona, edad, nombre, email, telefono, direccion, ocupacion, experiencia) values (56, 31, 'Dilly Simcox', 'dsimcox1j@bbb.org', 77943092, '6043 Bunting Way', 'Account Executive', '1-3years');
insert into persona (idPersona, edad, nombre, email, telefono, direccion, ocupacion, experiencia) values (57, 15, 'Lukas Buntain', 'lbuntain1k@yellowpages.com', 82661528, '820 Declaration Place', 'Automation Specialist I', '0-1years');
insert into persona (idPersona, edad, nombre, email, telefono, direccion, ocupacion, experiencia) values (58, 55, 'Gare Lipman', 'glipman1l@discuz.net', 99582898, '52611 Gerald Terrace', 'Food Chemist', '3-5years');
insert into persona (idPersona, edad, nombre, email, telefono, direccion, ocupacion, experiencia) values (59, 23, 'Boony Dormon', 'bdormon1m@usgs.gov', 25853614, '2 Karstens Terrace', 'VP Accounting', '1-3years');
insert into persona (idPersona, edad, nombre, email, telefono, direccion, ocupacion, experiencia) values (60, 41, 'Ronnie Presland', 'rpresland1n@hao123.com', 11576680, '347 Summit Trail', 'Budget/Accounting Analyst I', '3-5years');
insert into persona (idPersona, edad, nombre, email, telefono, direccion, ocupacion, experiencia) values (61, 42, 'Falito Rough', 'frough1o@bbc.co.uk', 38169618, '8 Graedel Terrace', 'Director of Sales', '5+years');
insert into persona (idPersona, edad, nombre, email, telefono, direccion, ocupacion, experiencia) values (62, 74, 'Peadar Greenstreet', 'pgreenstreet1p@mac.com', 65751872, '886 Truax Alley', 'Nurse', '1-3years');
insert into persona (idPersona, edad, nombre, email, telefono, direccion, ocupacion, experiencia) values (63, 42, 'Stella Norcliffe', 'snorcliffe1q@cbc.ca', 64556223, '8 Ruskin Lane', 'Senior Quality Engineer', '0-1years');
insert into persona (idPersona, edad, nombre, email, telefono, direccion, ocupacion, experiencia) values (64, 95, 'Karel Trunchion', 'ktrunchion1r@imdb.com', 94328452, '4342 Kropf Trail', 'Information Systems Manager', '5+years');
insert into persona (idPersona, edad, nombre, email, telefono, direccion, ocupacion, experiencia) values (65, 28, 'Lindi Seekings', 'lseekings1s@washington.edu', 66419499, '6070 Vera Road', 'Programmer III', '1-3years');
insert into persona (idPersona, edad, nombre, email, telefono, direccion, ocupacion, experiencia) values (66, 27, 'Toni Petegrew', 'tpetegrew1t@newsvine.com', 52284630, '639 Kedzie Court', 'Graphic Designer', '5+years');
insert into persona (idPersona, edad, nombre, email, telefono, direccion, ocupacion, experiencia) values (67, 104, 'Helli Sottell', 'hsottell1u@google.ru', 25640468, '56 Northfield Point', 'Human Resources Assistant III', '1-3years');
insert into persona (idPersona, edad, nombre, email, telefono, direccion, ocupacion, experiencia) values (68, 86, 'Emmy Jorry', 'ejorry1v@ucla.edu', 52045345, '56805 Pond Parkway', 'Human Resources Manager', '0-1years');
insert into persona (idPersona, edad, nombre, email, telefono, direccion, ocupacion, experiencia) values (69, 71, 'Flin Burfoot', 'fburfoot1w@godaddy.com', 66376041, '45476 Artisan Way', 'Tax Accountant', '5+years');
insert into persona (idPersona, edad, nombre, email, telefono, direccion, ocupacion, experiencia) values (70, 102, 'Ediva Ruthen', 'eruthen1x@geocities.jp', 87255051, '635 Summit Alley', 'Nurse Practicioner', '5+years');
insert into persona (idPersona, edad, nombre, email, telefono, direccion, ocupacion, experiencia) values (71, 59, 'Jeffy Greim', 'jgreim1y@scientificamerican.com', 39796912, '6716 Pennsylvania Point', 'Budget/Accounting Analyst IV', '3-5years');
insert into persona (idPersona, edad, nombre, email, telefono, direccion, ocupacion, experiencia) values (72, 43, 'Noami Littlecote', 'nlittlecote1z@uiuc.edu', 43103918, '49658 Golf Course Center', 'Internal Auditor', '5+years');
insert into persona (idPersona, edad, nombre, email, telefono, direccion, ocupacion, experiencia) values (73, 120, 'Celestyna Ilyunin', 'cilyunin20@amazon.com', 17342336, '433 Troy Parkway', 'Media Manager II', '1-3years');
insert into persona (idPersona, edad, nombre, email, telefono, direccion, ocupacion, experiencia) values (74, 20, 'Trace Melville', 'tmelville21@ox.ac.uk', 16155909, '5179 Sycamore Trail', 'Design Engineer', '0-1years');
insert into persona (idPersona, edad, nombre, email, telefono, direccion, ocupacion, experiencia) values (75, 27, 'Kurt Champneys', 'kchampneys22@answers.com', 99830859, '11417 Lake View Circle', 'Environmental Specialist', '1-3years');
insert into persona (idPersona, edad, nombre, email, telefono, direccion, ocupacion, experiencia) values (76, 111, 'Melba Ryle', 'mryle23@netvibes.com', 42236056, '535 Summit Way', 'Senior Sales Associate', '3-5years');
insert into persona (idPersona, edad, nombre, email, telefono, direccion, ocupacion, experiencia) values (77, 99, 'Julian Shiliton', 'jshiliton24@weibo.com', 34119951, '372 Scofield Crossing', 'Chief Design Engineer', '1-3years');
insert into persona (idPersona, edad, nombre, email, telefono, direccion, ocupacion, experiencia) values (78, 81, 'Vitia Renneke', 'vrenneke25@ezinearticles.com', 31157910, '5 Grayhawk Junction', 'Assistant Professor', '3-5years');
insert into persona (idPersona, edad, nombre, email, telefono, direccion, ocupacion, experiencia) values (79, 3, 'Liliane McKeevers', 'lmckeevers26@cbc.ca', 65840242, '7574 Meadow Valley Junction', 'Operator', '5+years');
insert into persona (idPersona, edad, nombre, email, telefono, direccion, ocupacion, experiencia) values (80, 100, 'Trisha Fleckness', 'tfleckness27@intel.com', 59251404, '6063 Wayridge Place', 'GIS Technical Architect', '3-5years');
insert into persona (idPersona, edad, nombre, email, telefono, direccion, ocupacion, experiencia) values (81, 1, 'Dorri Mealham', 'dmealham28@over-blog.com', 37053989, '1 Duke Junction', 'Registered Nurse', '0-1years');
insert into persona (idPersona, edad, nombre, email, telefono, direccion, ocupacion, experiencia) values (82, 46, 'Domingo Hessenthaler', 'dhessenthaler29@prweb.com', 13401146, '570 Oak Alley', 'Help Desk Technician', '0-1years');
insert into persona (idPersona, edad, nombre, email, telefono, direccion, ocupacion, experiencia) values (83, 93, 'Rhonda McMeeking', 'rmcmeeking2a@mac.com', 36105723, '35 Eastlawn Way', 'Software Test Engineer I', '0-1years');
insert into persona (idPersona, edad, nombre, email, telefono, direccion, ocupacion, experiencia) values (84, 78, 'Heywood Hinstridge', 'hhinstridge2b@histats.com', 67934350, '194 Moose Plaza', 'Physical Therapy Assistant', '5+years');
insert into persona (idPersona, edad, nombre, email, telefono, direccion, ocupacion, experiencia) values (85, 32, 'Ali Rospars', 'arospars2c@github.com', 52508030, '864 Debra Circle', 'Product Engineer', '3-5years');
insert into persona (idPersona, edad, nombre, email, telefono, direccion, ocupacion, experiencia) values (86, 58, 'Kori Wellan', 'kwellan2d@flickr.com', 88506013, '35082 Fair Oaks Way', 'Systems Administrator IV', '3-5years');
insert into persona (idPersona, edad, nombre, email, telefono, direccion, ocupacion, experiencia) values (87, 47, 'Analiese Blurton', 'ablurton2e@deliciousdays.com', 83356171, '193 5th Circle', 'Senior Developer', '5+years');
insert into persona (idPersona, edad, nombre, email, telefono, direccion, ocupacion, experiencia) values (88, 106, 'Thane Geyton', 'tgeyton2f@etsy.com', 37918258, '015 Marcy Crossing', 'Assistant Manager', '5+years');
insert into persona (idPersona, edad, nombre, email, telefono, direccion, ocupacion, experiencia) values (89, 1, 'Rogers Kinloch', 'rkinloch2g@about.me', 35317879, '7286 Swallow Plaza', 'Systems Administrator I', '0-1years');
insert into persona (idPersona, edad, nombre, email, telefono, direccion, ocupacion, experiencia) values (90, 78, 'Quintin Pietruszewicz', 'qpietruszewicz2h@google.com', 56309488, '741 Warbler Place', 'Dental Hygienist', '5+years');
insert into persona (idPersona, edad, nombre, email, telefono, direccion, ocupacion, experiencia) values (91, 23, 'Boote McComiskie', 'bmccomiskie2i@spiegel.de', 32511477, '31 Manley Street', 'Accounting Assistant II', '1-3years');
insert into persona (idPersona, edad, nombre, email, telefono, direccion, ocupacion, experiencia) values (92, 117, 'Muhammad Frisel', 'mfrisel2j@unc.edu', 10169316, '369 Forest Dale Circle', 'Engineer III', '0-1years');
insert into persona (idPersona, edad, nombre, email, telefono, direccion, ocupacion, experiencia) values (93, 6, 'Arie Ramelet', 'aramelet2k@irs.gov', 35133696, '450 Pleasure Street', 'Marketing Assistant', '0-1years');
insert into persona (idPersona, edad, nombre, email, telefono, direccion, ocupacion, experiencia) values (94, 46, 'Halette Eam', 'heam2l@tinypic.com', 72447338, '040 Packers Park', 'Paralegal', '0-1years');
insert into persona (idPersona, edad, nombre, email, telefono, direccion, ocupacion, experiencia) values (95, 80, 'Lay Dunning', 'ldunning2m@creativecommons.org', 40564659, '7 Kennedy Way', 'Professor', '3-5years');
insert into persona (idPersona, edad, nombre, email, telefono, direccion, ocupacion, experiencia) values (96, 101, 'Adel Storms', 'astorms2n@odnoklassniki.ru', 58757532, '0 Bobwhite Alley', 'Actuary', '3-5years');
insert into persona (idPersona, edad, nombre, email, telefono, direccion, ocupacion, experiencia) values (97, 45, 'Abie Bremner', 'abremner2o@pbs.org', 16594376, '41 Reinke Hill', 'Clinical Specialist', '0-1years');
insert into persona (idPersona, edad, nombre, email, telefono, direccion, ocupacion, experiencia) values (98, 59, 'Tamara Kingsnoad', 'tkingsnoad2p@dailymotion.com', 28453564, '55 Judy Terrace', 'Director of Sales', '0-1years');
insert into persona (idPersona, edad, nombre, email, telefono, direccion, ocupacion, experiencia) values (99, 100, 'Ingrid Trevethan', 'itrevethan2q@senate.gov', 48251576, '9 Towne Terrace', 'Teacher', '3-5years');
insert into persona (idPersona, edad, nombre, email, telefono, direccion, ocupacion, experiencia) values (100, 29, 'Torrie Pyser', 'tpyser2r@etsy.com', 39543791, '0 Tennessee Place', 'Clinical Specialist', '0-1years');

insert into animal (idAnimal, nombre, especie, raza, edad, descripcion, genero) values (1, 'Debor', 'Fish', 'Siamese', 14, 'Nam tristique tortor eu pede.', 'Female');
insert into animal (idAnimal, nombre, especie, raza, edad, descripcion, genero) values (2, 'Hedi', 'Hamster', 'Parakeet', 10, 'Donec ut dolor. Morbi vel lectus in quam fringilla rhoncus. Mauris enim leo, rhoncus sed, vestibulum sit amet, cursus id, turpis. Integer aliquet, massa id lobortis convallis, tortor risus dapibus augue, vel accumsan tellus nisi eu orci.', 'Female');
insert into animal (idAnimal, nombre, especie, raza, edad, descripcion, genero) values (3, 'Lyle', 'Bird', 'Poodle', 8, 'Aliquam sit amet diam in magna bibendum imperdiet. Nullam orci pede, venenatis non, sodales sed, tincidunt eu, felis. Fusce posuere felis sed lacus.', 'Male');
insert into animal (idAnimal, nombre, especie, raza, edad, descripcion, genero) values (4, 'Jimmy', 'Hamster', 'Labrador', 18, 'Maecenas tincidunt lacus at velit. Vivamus vel nulla eget eros elementum pellentesque. Quisque porta volutpat erat.', 'Male');
insert into animal (idAnimal, nombre, especie, raza, edad, descripcion, genero) values (5, 'Manny', 'Other', 'Goldfish', 25, 'Duis bibendum. Morbi non quam nec dui luctus rutrum. Nulla tellus. In sagittis dui vel nisl.', 'Male');
insert into animal (idAnimal, nombre, especie, raza, edad, descripcion, genero) values (6, 'Suzi', 'Dog', 'Labrador', 24, 'Nunc rhoncus dui vel sem. Sed sagittis. Nam congue, risus semper porta volutpat, quam pede lobortis ligula, sit amet eleifend pede libero quis orci. Nullam molestie nibh in lectus.', 'Female');
insert into animal (idAnimal, nombre, especie, raza, edad, descripcion, genero) values (7, 'Lilian', 'Fish', 'Poodle', 8, 'Quisque porta volutpat erat. Quisque erat eros, viverra eget, congue eget, semper rutrum, nulla. Nunc purus. Phasellus in felis.', 'Female');
insert into animal (idAnimal, nombre, especie, raza, edad, descripcion, genero) values (8, 'Rayner', 'Dog', 'Tabby', 16, 'Suspendisse accumsan tortor quis turpis. Sed ante.', 'Male');
insert into animal (idAnimal, nombre, especie, raza, edad, descripcion, genero) values (9, 'Lark', 'Other', 'Tabby', 5, 'Sed sagittis. Nam congue, risus semper porta volutpat, quam pede lobortis ligula, sit amet eleifend pede libero quis orci. Nullam molestie nibh in lectus. Pellentesque at nulla.', 'Female');
insert into animal (idAnimal, nombre, especie, raza, edad, descripcion, genero) values (10, 'Ody', 'Hamster', 'Tabby', 17, 'Maecenas pulvinar lobortis est. Phasellus sit amet erat.', 'Male');
insert into animal (idAnimal, nombre, especie, raza, edad, descripcion, genero) values (11, 'Linda', 'Fish', 'Tabby', 20, 'Maecenas pulvinar lobortis est. Phasellus sit amet erat. Nulla tempus.', 'Female');
insert into animal (idAnimal, nombre, especie, raza, edad, descripcion, genero) values (12, 'Vera', 'Hamster', 'Poodle', 28, 'Cras non velit nec nisi vulputate nonummy.', 'Female');
insert into animal (idAnimal, nombre, especie, raza, edad, descripcion, genero) values (13, 'Benjamen', 'Fish', 'Siamese', 22, 'Cum sociis natoque penatibus et magnis dis parturient montes, nascetur ridiculus mus. Vivamus vestibulum sagittis sapien. Cum sociis natoque penatibus et magnis dis parturient montes, nascetur ridiculus mus. Etiam vel augue. Vestibulum rutrum rutrum neque.', 'Male');
insert into animal (idAnimal, nombre, especie, raza, edad, descripcion, genero) values (14, 'Toddie', 'Bird', 'Parakeet', 28, 'Nulla ac enim. In tempor, turpis nec euismod scelerisque, quam turpis adipiscing lorem, vitae mattis nibh ligula nec sem. Duis aliquam convallis nunc.', 'Male');
insert into animal (idAnimal, nombre, especie, raza, edad, descripcion, genero) values (15, 'Taylor', 'Bird', 'Siamese', 16, 'Pellentesque viverra pede ac diam.', 'Male');
insert into animal (idAnimal, nombre, especie, raza, edad, descripcion, genero) values (16, 'Pedro', 'Hamster', 'Siamese', 15, 'Vivamus metus arcu, adipiscing molestie, hendrerit at, vulputate vitae, nisl. Aenean lectus.', 'Male');
insert into animal (idAnimal, nombre, especie, raza, edad, descripcion, genero) values (17, 'Camila', 'Cat', 'Labrador', 27, 'Nulla nisl. Nunc nisl. Duis bibendum, felis sed interdum venenatis, turpis enim blandit mi, in porttitor pede justo eu massa.', 'Female');
insert into animal (idAnimal, nombre, especie, raza, edad, descripcion, genero) values (18, 'Yolande', 'Other', 'Goldfish', 1, 'Morbi sem mauris, laoreet ut, rhoncus aliquet, pulvinar sed, nisl. Nunc rhoncus dui vel sem. Sed sagittis. Nam congue, risus semper porta volutpat, quam pede lobortis ligula, sit amet eleifend pede libero quis orci.', 'Female');
insert into animal (idAnimal, nombre, especie, raza, edad, descripcion, genero) values (19, 'Kingston', 'Hamster', 'Parakeet', 17, 'Lorem ipsum dolor sit amet, consectetuer adipiscing elit. Proin risus.', 'Male');
insert into animal (idAnimal, nombre, especie, raza, edad, descripcion, genero) values (20, 'Ara', 'Fish', 'Labrador', 29, 'In hac habitasse platea dictumst. Aliquam augue quam, sollicitudin vitae, consectetuer eget, rutrum at, lorem. Integer tincidunt ante vel ipsum.', 'Male');
insert into animal (idAnimal, nombre, especie, raza, edad, descripcion, genero) values (21, 'Lem', 'Other', 'Poodle', 22, 'Nam ultrices, libero non mattis pulvinar, nulla pede ullamcorper augue, a suscipit nulla elit ac nulla. Sed vel enim sit amet nunc viverra dapibus. Nulla suscipit ligula in lacus. Curabitur at ipsum ac tellus semper interdum. Mauris ullamcorper purus sit amet nulla.', 'Male');
insert into animal (idAnimal, nombre, especie, raza, edad, descripcion, genero) values (22, 'Hinda', 'Bird', 'Labrador', 20, 'Quisque erat eros, viverra eget, congue eget, semper rutrum, nulla. Nunc purus. Phasellus in felis. Donec semper sapien a libero. Nam dui.', 'Female');
insert into animal (idAnimal, nombre, especie, raza, edad, descripcion, genero) values (23, 'Say', 'Bird', 'Parakeet', 21, 'Praesent blandit lacinia erat. Vestibulum sed magna at nunc commodo placerat.', 'Male');
insert into animal (idAnimal, nombre, especie, raza, edad, descripcion, genero) values (24, 'Chastity', 'Hamster', 'Goldfish', 2, 'In congue. Etiam justo. Etiam pretium iaculis justo. In hac habitasse platea dictumst. Etiam faucibus cursus urna.', 'Female');
insert into animal (idAnimal, nombre, especie, raza, edad, descripcion, genero) values (25, 'Elyn', 'Bird', 'Tabby', 2, 'Nulla neque libero, convallis eget, eleifend luctus, ultricies eu, nibh. Quisque id justo sit amet sapien dignissim vestibulum. Vestibulum ante ipsum primis in faucibus orci luctus et ultrices posuere cubilia Curae; Nulla dapibus dolor vel est. Donec odio justo, sollicitudin ut, suscipit a, feugiat et, eros.', 'Female');
insert into animal (idAnimal, nombre, especie, raza, edad, descripcion, genero) values (26, 'Michaela', 'Hamster', 'Poodle', 30, 'Cras pellentesque volutpat dui. Maecenas tristique, est et tempus semper, est quam pharetra magna, ac consequat metus sapien ut nunc. Vestibulum ante ipsum primis in faucibus orci luctus et ultrices posuere cubilia Curae; Mauris viverra diam vitae quam. Suspendisse potenti. Nullam porttitor lacus at turpis.', 'Female');
insert into animal (idAnimal, nombre, especie, raza, edad, descripcion, genero) values (27, 'Rennie', 'Other', 'Tabby', 13, 'Aenean sit amet justo. Morbi ut odio.', 'Female');
insert into animal (idAnimal, nombre, especie, raza, edad, descripcion, genero) values (28, 'Alistair', 'Bird', 'Goldfish', 30, 'Nulla nisl. Nunc nisl. Duis bibendum, felis sed interdum venenatis, turpis enim blandit mi, in porttitor pede justo eu massa.', 'Male');
insert into animal (idAnimal, nombre, especie, raza, edad, descripcion, genero) values (29, 'Jose', 'Other', 'Siamese', 19, 'Morbi vestibulum, velit id pretium iaculis, diam erat fermentum justo, nec condimentum neque sapien placerat ante. Nulla justo. Aliquam quis turpis eget elit sodales scelerisque.', 'Male');
insert into animal (idAnimal, nombre, especie, raza, edad, descripcion, genero) values (30, 'Reggie', 'Hamster', 'Siamese', 1, 'Proin risus.', 'Male');
insert into animal (idAnimal, nombre, especie, raza, edad, descripcion, genero) values (31, 'Hussein', 'Dog', 'Siamese', 20, 'Vestibulum ante ipsum primis in faucibus orci luctus et ultrices posuere cubilia Curae; Nulla dapibus dolor vel est. Donec odio justo, sollicitudin ut, suscipit a, feugiat et, eros. Vestibulum ac est lacinia nisi venenatis tristique.', 'Male');
insert into animal (idAnimal, nombre, especie, raza, edad, descripcion, genero) values (32, 'Muffin', 'Hamster', 'Siamese', 22, 'Vivamus vel nulla eget eros elementum pellentesque.', 'Male');
insert into animal (idAnimal, nombre, especie, raza, edad, descripcion, genero) values (33, 'Schuyler', 'Cat', 'Parakeet', 6, 'Maecenas pulvinar lobortis est. Phasellus sit amet erat. Nulla tempus. Vivamus in felis eu sapien cursus vestibulum.', 'Male');
insert into animal (idAnimal, nombre, especie, raza, edad, descripcion, genero) values (34, 'Jewel', 'Dog', 'Tabby', 6, 'Praesent blandit. Nam nulla. Integer pede justo, lacinia eget, tincidunt eget, tempus vel, pede. Morbi porttitor lorem id ligula. Suspendisse ornare consequat lectus.', 'Female');
insert into animal (idAnimal, nombre, especie, raza, edad, descripcion, genero) values (35, 'Maximilianus', 'Cat', 'Labrador', 21, 'Donec ut dolor. Morbi vel lectus in quam fringilla rhoncus. Mauris enim leo, rhoncus sed, vestibulum sit amet, cursus id, turpis. Integer aliquet, massa id lobortis convallis, tortor risus dapibus augue, vel accumsan tellus nisi eu orci. Mauris lacinia sapien quis libero.', 'Male');
insert into animal (idAnimal, nombre, especie, raza, edad, descripcion, genero) values (36, 'Tynan', 'Dog', 'Siamese', 9, 'Duis ac nibh. Fusce lacus purus, aliquet at, feugiat non, pretium quis, lectus. Suspendisse potenti. In eleifend quam a odio. In hac habitasse platea dictumst.', 'Male');
insert into animal (idAnimal, nombre, especie, raza, edad, descripcion, genero) values (37, 'Connie', 'Dog', 'Siamese', 14, 'Aenean sit amet justo. Morbi ut odio.', 'Male');
insert into animal (idAnimal, nombre, especie, raza, edad, descripcion, genero) values (38, 'Sandie', 'Other', 'Goldfish', 23, 'Lorem ipsum dolor sit amet, consectetuer adipiscing elit.', 'Female');
insert into animal (idAnimal, nombre, especie, raza, edad, descripcion, genero) values (39, 'Lydon', 'Other', 'Tabby', 2, 'Quisque porta volutpat erat.', 'Male');
insert into animal (idAnimal, nombre, especie, raza, edad, descripcion, genero) values (40, 'Phip', 'Bird', 'Labrador', 30, 'Curabitur in libero ut massa volutpat convallis. Morbi odio odio, elementum eu, interdum eu, tincidunt in, leo. Maecenas pulvinar lobortis est. Phasellus sit amet erat. Nulla tempus.', 'Male');
insert into animal (idAnimal, nombre, especie, raza, edad, descripcion, genero) values (41, 'Boot', 'Cat', 'Goldfish', 6, 'Etiam pretium iaculis justo. In hac habitasse platea dictumst. Etiam faucibus cursus urna.', 'Male');
insert into animal (idAnimal, nombre, especie, raza, edad, descripcion, genero) values (42, 'Reba', 'Hamster', 'Goldfish', 27, 'In hac habitasse platea dictumst.', 'Female');
insert into animal (idAnimal, nombre, especie, raza, edad, descripcion, genero) values (43, 'Ode', 'Cat', 'Labrador', 16, 'Nunc nisl. Duis bibendum, felis sed interdum venenatis, turpis enim blandit mi, in porttitor pede justo eu massa. Donec dapibus. Duis at velit eu est congue elementum. In hac habitasse platea dictumst.', 'Male');
insert into animal (idAnimal, nombre, especie, raza, edad, descripcion, genero) values (44, 'Yolane', 'Bird', 'Parakeet', 20, 'In sagittis dui vel nisl.', 'Female');
insert into animal (idAnimal, nombre, especie, raza, edad, descripcion, genero) values (45, 'Julienne', 'Hamster', 'Tabby', 27, 'Proin interdum mauris non ligula pellentesque ultrices. Phasellus id sapien in sapien iaculis congue. Vivamus metus arcu, adipiscing molestie, hendrerit at, vulputate vitae, nisl.', 'Female');
insert into animal (idAnimal, nombre, especie, raza, edad, descripcion, genero) values (46, 'Fanchon', 'Hamster', 'Tabby', 29, 'Aliquam quis turpis eget elit sodales scelerisque. Mauris sit amet eros. Suspendisse accumsan tortor quis turpis.', 'Female');
insert into animal (idAnimal, nombre, especie, raza, edad, descripcion, genero) values (47, 'Amie', 'Fish', 'Poodle', 12, 'Duis aliquam convallis nunc.', 'Female');
insert into animal (idAnimal, nombre, especie, raza, edad, descripcion, genero) values (48, 'Alfi', 'Other', 'Siamese', 19, 'Etiam justo. Etiam pretium iaculis justo. In hac habitasse platea dictumst. Etiam faucibus cursus urna.', 'Female');
insert into animal (idAnimal, nombre, especie, raza, edad, descripcion, genero) values (49, 'Kaylee', 'Dog', 'Siamese', 28, 'Nulla ut erat id mauris vulputate elementum.', 'Female');
insert into animal (idAnimal, nombre, especie, raza, edad, descripcion, genero) values (50, 'Britte', 'Fish', 'Goldfish', 10, 'Sed accumsan felis.', 'Female');
insert into animal (idAnimal, nombre, especie, raza, edad, descripcion, genero) values (51, 'Idelle', 'Cat', 'Labrador', 24, 'Proin interdum mauris non ligula pellentesque ultrices.', 'Female');
insert into animal (idAnimal, nombre, especie, raza, edad, descripcion, genero) values (52, 'Lennie', 'Cat', 'Goldfish', 21, 'Cum sociis natoque penatibus et magnis dis parturient montes, nascetur ridiculus mus. Etiam vel augue. Vestibulum rutrum rutrum neque. Aenean auctor gravida sem.', 'Male');
insert into animal (idAnimal, nombre, especie, raza, edad, descripcion, genero) values (53, 'Gypsy', 'Other', 'Tabby', 11, 'Nunc rhoncus dui vel sem. Sed sagittis.', 'Female');
insert into animal (idAnimal, nombre, especie, raza, edad, descripcion, genero) values (54, 'Legra', 'Other', 'Siamese', 24, 'Morbi ut odio. Cras mi pede, malesuada in, imperdiet et, commodo vulputate, justo. In blandit ultrices enim.', 'Female');
insert into animal (idAnimal, nombre, especie, raza, edad, descripcion, genero) values (55, 'Ulrich', 'Bird', 'Labrador', 4, 'Aliquam non mauris.', 'Male');
insert into animal (idAnimal, nombre, especie, raza, edad, descripcion, genero) values (56, 'Morrie', 'Hamster', 'Parakeet', 19, 'Nulla neque libero, convallis eget, eleifend luctus, ultricies eu, nibh.', 'Male');
insert into animal (idAnimal, nombre, especie, raza, edad, descripcion, genero) values (57, 'Alvin', 'Dog', 'Siamese', 20, 'Nulla ac enim.', 'Male');
insert into animal (idAnimal, nombre, especie, raza, edad, descripcion, genero) values (58, 'Janey', 'Other', 'Poodle', 18, 'Duis bibendum. Morbi non quam nec dui luctus rutrum. Nulla tellus. In sagittis dui vel nisl.', 'Female');
insert into animal (idAnimal, nombre, especie, raza, edad, descripcion, genero) values (59, 'Caty', 'Bird', 'Labrador', 8, 'Nullam orci pede, venenatis non, sodales sed, tincidunt eu, felis. Fusce posuere felis sed lacus. Morbi sem mauris, laoreet ut, rhoncus aliquet, pulvinar sed, nisl.', 'Female');
insert into animal (idAnimal, nombre, especie, raza, edad, descripcion, genero) values (60, 'Alan', 'Hamster', 'Labrador', 21, 'Lorem ipsum dolor sit amet, consectetuer adipiscing elit. Proin interdum mauris non ligula pellentesque ultrices. Phasellus id sapien in sapien iaculis congue. Vivamus metus arcu, adipiscing molestie, hendrerit at, vulputate vitae, nisl.', 'Male');
insert into animal (idAnimal, nombre, especie, raza, edad, descripcion, genero) values (61, 'Marie-jeanne', 'Dog', 'Parakeet', 4, 'Vestibulum ante ipsum primis in faucibus orci luctus et ultrices posuere cubilia Curae; Duis faucibus accumsan odio. Curabitur convallis. Duis consequat dui nec nisi volutpat eleifend. Donec ut dolor. Morbi vel lectus in quam fringilla rhoncus.', 'Female');
insert into animal (idAnimal, nombre, especie, raza, edad, descripcion, genero) values (62, 'Loria', 'Hamster', 'Tabby', 28, 'In hac habitasse platea dictumst. Etiam faucibus cursus urna. Ut tellus.', 'Female');
insert into animal (idAnimal, nombre, especie, raza, edad, descripcion, genero) values (63, 'Filippa', 'Cat', 'Goldfish', 10, 'Vestibulum ante ipsum primis in faucibus orci luctus et ultrices posuere cubilia Curae; Mauris viverra diam vitae quam.', 'Female');
insert into animal (idAnimal, nombre, especie, raza, edad, descripcion, genero) values (64, 'Faun', 'Fish', 'Parakeet', 26, 'Integer ac leo. Pellentesque ultrices mattis odio. Donec vitae nisi. Nam ultrices, libero non mattis pulvinar, nulla pede ullamcorper augue, a suscipit nulla elit ac nulla. Sed vel enim sit amet nunc viverra dapibus.', 'Female');
insert into animal (idAnimal, nombre, especie, raza, edad, descripcion, genero) values (65, 'Tirrell', 'Cat', 'Goldfish', 14, 'Donec diam neque, vestibulum eget, vulputate ut, ultrices vel, augue.', 'Male');
insert into animal (idAnimal, nombre, especie, raza, edad, descripcion, genero) values (66, 'Suzanne', 'Other', 'Goldfish', 4, 'Vestibulum ante ipsum primis in faucibus orci luctus et ultrices posuere cubilia Curae; Mauris viverra diam vitae quam.', 'Female');
insert into animal (idAnimal, nombre, especie, raza, edad, descripcion, genero) values (67, 'Patsy', 'Fish', 'Poodle', 24, 'Donec quis orci eget orci vehicula condimentum. Curabitur in libero ut massa volutpat convallis. Morbi odio odio, elementum eu, interdum eu, tincidunt in, leo. Maecenas pulvinar lobortis est. Phasellus sit amet erat.', 'Male');
insert into animal (idAnimal, nombre, especie, raza, edad, descripcion, genero) values (68, 'Meyer', 'Bird', 'Goldfish', 4, 'Praesent blandit. Nam nulla. Integer pede justo, lacinia eget, tincidunt eget, tempus vel, pede. Morbi porttitor lorem id ligula.', 'Male');
insert into animal (idAnimal, nombre, especie, raza, edad, descripcion, genero) values (69, 'Oralle', 'Bird', 'Parakeet', 19, 'Mauris enim leo, rhoncus sed, vestibulum sit amet, cursus id, turpis. Integer aliquet, massa id lobortis convallis, tortor risus dapibus augue, vel accumsan tellus nisi eu orci. Mauris lacinia sapien quis libero. Nullam sit amet turpis elementum ligula vehicula consequat. Morbi a ipsum.', 'Female');
insert into animal (idAnimal, nombre, especie, raza, edad, descripcion, genero) values (70, 'Cloris', 'Fish', 'Goldfish', 4, 'Aenean sit amet justo. Morbi ut odio. Cras mi pede, malesuada in, imperdiet et, commodo vulputate, justo. In blandit ultrices enim. Lorem ipsum dolor sit amet, consectetuer adipiscing elit.', 'Female');
insert into animal (idAnimal, nombre, especie, raza, edad, descripcion, genero) values (71, 'Mureil', 'Cat', 'Poodle', 25, 'Aenean lectus.', 'Female');
insert into animal (idAnimal, nombre, especie, raza, edad, descripcion, genero) values (72, 'Harman', 'Other', 'Labrador', 24, 'Cras mi pede, malesuada in, imperdiet et, commodo vulputate, justo. In blandit ultrices enim. Lorem ipsum dolor sit amet, consectetuer adipiscing elit.', 'Male');
insert into animal (idAnimal, nombre, especie, raza, edad, descripcion, genero) values (73, 'Bevon', 'Fish', 'Labrador', 3, 'Ut at dolor quis odio consequat varius. Integer ac leo. Pellentesque ultrices mattis odio. Donec vitae nisi.', 'Male');
insert into animal (idAnimal, nombre, especie, raza, edad, descripcion, genero) values (74, 'Martin', 'Dog', 'Goldfish', 4, 'Nunc nisl.', 'Male');
insert into animal (idAnimal, nombre, especie, raza, edad, descripcion, genero) values (75, 'Gauthier', 'Hamster', 'Tabby', 7, 'Aliquam erat volutpat. In congue.', 'Male');
insert into animal (idAnimal, nombre, especie, raza, edad, descripcion, genero) values (76, 'Dieter', 'Cat', 'Labrador', 17, 'Donec dapibus. Duis at velit eu est congue elementum. In hac habitasse platea dictumst.', 'Male');
insert into animal (idAnimal, nombre, especie, raza, edad, descripcion, genero) values (77, 'Delilah', 'Dog', 'Siamese', 23, 'Nam ultrices, libero non mattis pulvinar, nulla pede ullamcorper augue, a suscipit nulla elit ac nulla.', 'Female');
insert into animal (idAnimal, nombre, especie, raza, edad, descripcion, genero) values (78, 'Ardelis', 'Other', 'Labrador', 27, 'Nullam molestie nibh in lectus. Pellentesque at nulla. Suspendisse potenti.', 'Female');
insert into animal (idAnimal, nombre, especie, raza, edad, descripcion, genero) values (79, 'Archy', 'Other', 'Poodle', 2, 'Mauris lacinia sapien quis libero.', 'Male');
insert into animal (idAnimal, nombre, especie, raza, edad, descripcion, genero) values (80, 'Jordan', 'Other', 'Poodle', 9, 'Vestibulum quam sapien, varius ut, blandit non, interdum in, ante. Vestibulum ante ipsum primis in faucibus orci luctus et ultrices posuere cubilia Curae; Duis faucibus accumsan odio.', 'Female');
insert into animal (idAnimal, nombre, especie, raza, edad, descripcion, genero) values (81, 'Clifford', 'Dog', 'Poodle', 0, 'Praesent blandit lacinia erat. Vestibulum sed magna at nunc commodo placerat. Praesent blandit.', 'Male');
insert into animal (idAnimal, nombre, especie, raza, edad, descripcion, genero) values (82, 'Dani', 'Hamster', 'Labrador', 29, 'Nunc rhoncus dui vel sem. Sed sagittis. Nam congue, risus semper porta volutpat, quam pede lobortis ligula, sit amet eleifend pede libero quis orci. Nullam molestie nibh in lectus. Pellentesque at nulla.', 'Male');
insert into animal (idAnimal, nombre, especie, raza, edad, descripcion, genero) values (83, 'Ricard', 'Dog', 'Siamese', 16, 'Aenean sit amet justo. Morbi ut odio. Cras mi pede, malesuada in, imperdiet et, commodo vulputate, justo. In blandit ultrices enim. Lorem ipsum dolor sit amet, consectetuer adipiscing elit.', 'Male');
insert into animal (idAnimal, nombre, especie, raza, edad, descripcion, genero) values (84, 'Aprilette', 'Bird', 'Parakeet', 13, 'Donec ut dolor. Morbi vel lectus in quam fringilla rhoncus. Mauris enim leo, rhoncus sed, vestibulum sit amet, cursus id, turpis.', 'Female');
insert into animal (idAnimal, nombre, especie, raza, edad, descripcion, genero) values (85, 'Matt', 'Fish', 'Labrador', 12, 'In hac habitasse platea dictumst. Maecenas ut massa quis augue luctus tincidunt. Nulla mollis molestie lorem. Quisque ut erat. Curabitur gravida nisi at nibh.', 'Male');
insert into animal (idAnimal, nombre, especie, raza, edad, descripcion, genero) values (86, 'Urbanus', 'Cat', 'Goldfish', 27, 'Integer ac neque.', 'Male');
insert into animal (idAnimal, nombre, especie, raza, edad, descripcion, genero) values (87, 'Augustin', 'Hamster', 'Poodle', 14, 'Nulla neque libero, convallis eget, eleifend luctus, ultricies eu, nibh. Quisque id justo sit amet sapien dignissim vestibulum. Vestibulum ante ipsum primis in faucibus orci luctus et ultrices posuere cubilia Curae; Nulla dapibus dolor vel est. Donec odio justo, sollicitudin ut, suscipit a, feugiat et, eros. Vestibulum ac est lacinia nisi venenatis tristique.', 'Male');
insert into animal (idAnimal, nombre, especie, raza, edad, descripcion, genero) values (88, 'Deeyn', 'Other', 'Goldfish', 24, 'In tempor, turpis nec euismod scelerisque, quam turpis adipiscing lorem, vitae mattis nibh ligula nec sem. Duis aliquam convallis nunc. Proin at turpis a pede posuere nonummy. Integer non velit. Donec diam neque, vestibulum eget, vulputate ut, ultrices vel, augue.', 'Female');
insert into animal (idAnimal, nombre, especie, raza, edad, descripcion, genero) values (89, 'Carlie', 'Other', 'Labrador', 30, 'Sed sagittis. Nam congue, risus semper porta volutpat, quam pede lobortis ligula, sit amet eleifend pede libero quis orci. Nullam molestie nibh in lectus. Pellentesque at nulla.', 'Male');
insert into animal (idAnimal, nombre, especie, raza, edad, descripcion, genero) values (90, 'Perren', 'Hamster', 'Tabby', 2, 'Nulla justo.', 'Male');
insert into animal (idAnimal, nombre, especie, raza, edad, descripcion, genero) values (91, 'Isabeau', 'Other', 'Labrador', 12, 'Mauris lacinia sapien quis libero.', 'Female');
insert into animal (idAnimal, nombre, especie, raza, edad, descripcion, genero) values (92, 'Brear', 'Hamster', 'Tabby', 3, 'Mauris lacinia sapien quis libero.', 'Female');
insert into animal (idAnimal, nombre, especie, raza, edad, descripcion, genero) values (93, 'Pancho', 'Cat', 'Poodle', 2, 'In hac habitasse platea dictumst.', 'Male');
insert into animal (idAnimal, nombre, especie, raza, edad, descripcion, genero) values (94, 'Tricia', 'Hamster', 'Tabby', 30, 'Fusce posuere felis sed lacus. Morbi sem mauris, laoreet ut, rhoncus aliquet, pulvinar sed, nisl.', 'Female');
insert into animal (idAnimal, nombre, especie, raza, edad, descripcion, genero) values (95, 'Marnie', 'Dog', 'Parakeet', 21, 'Sed ante. Vivamus tortor.', 'Female');
insert into animal (idAnimal, nombre, especie, raza, edad, descripcion, genero) values (96, 'Miner', 'Hamster', 'Siamese', 0, 'Vivamus tortor. Duis mattis egestas metus. Aenean fermentum.', 'Male');
insert into animal (idAnimal, nombre, especie, raza, edad, descripcion, genero) values (97, 'Yardley', 'Dog', 'Goldfish', 14, 'Vestibulum rutrum rutrum neque.', 'Male');
insert into animal (idAnimal, nombre, especie, raza, edad, descripcion, genero) values (98, 'Lilia', 'Hamster', 'Poodle', 20, 'Vestibulum ante ipsum primis in faucibus orci luctus et ultrices posuere cubilia Curae; Donec pharetra, magna vestibulum aliquet ultrices, erat tortor sollicitudin mi, sit amet lobortis sapien sapien non mi. Integer ac neque.', 'Female');
insert into animal (idAnimal, nombre, especie, raza, edad, descripcion, genero) values (99, 'Modestia', 'Bird', 'Siamese', 20, 'Donec odio justo, sollicitudin ut, suscipit a, feugiat et, eros.', 'Female');
insert into animal (idAnimal, nombre, especie, raza, edad, descripcion, genero) values (100, 'Mack', 'Other', 'Poodle', 20, 'Nulla neque libero, convallis eget, eleifend luctus, ultricies eu, nibh. Quisque id justo sit amet sapien dignissim vestibulum. Vestibulum ante ipsum primis in faucibus orci luctus et ultrices posuere cubilia Curae; Nulla dapibus dolor vel est. Donec odio justo, sollicitudin ut, suscipit a, feugiat et, eros.', 'Male');

insert into vacuna (idVacuna, nombre, dosis, fecha, animal_idAnimal) values (1, 'Shepperd', 29.08, '2013-06-23', 1);
insert into vacuna (idVacuna, nombre, dosis, fecha, animal_idAnimal) values (2, 'Cassaundra', 99.43, '2021-05-08', 2);
insert into vacuna (idVacuna, nombre, dosis, fecha, animal_idAnimal) values (3, 'Collete', 86.77, '2013-05-15', 3);
insert into vacuna (idVacuna, nombre, dosis, fecha, animal_idAnimal) values (4, 'Tudor', 56.47, '2008-07-19', 4);
insert into vacuna (idVacuna, nombre, dosis, fecha, animal_idAnimal) values (5, 'Bethany', 71.57, '2001-11-10', 5);
insert into vacuna (idVacuna, nombre, dosis, fecha, animal_idAnimal) values (6, 'Beatriz', 97.67, '2007-06-27', 6);
insert into vacuna (idVacuna, nombre, dosis, fecha, animal_idAnimal) values (7, 'Patti', 81.36, '2022-11-10', 7);
insert into vacuna (idVacuna, nombre, dosis, fecha, animal_idAnimal) values (8, 'Billy', 49.36, '2021-06-09', 8);
insert into vacuna (idVacuna, nombre, dosis, fecha, animal_idAnimal) values (9, 'Junina', 37.56, '2006-05-21', 9);
insert into vacuna (idVacuna, nombre, dosis, fecha, animal_idAnimal) values (10, 'Orin', 54.63, '2023-01-06', 10);
insert into vacuna (idVacuna, nombre, dosis, fecha, animal_idAnimal) values (11, 'Manfred', 41.84, '2010-02-06', 11);
insert into vacuna (idVacuna, nombre, dosis, fecha, animal_idAnimal) values (12, 'Sascha', 34.13, '2003-10-11', 12);
insert into vacuna (idVacuna, nombre, dosis, fecha, animal_idAnimal) values (13, 'Timoteo', 89.77, '2009-07-24', 13);
insert into vacuna (idVacuna, nombre, dosis, fecha, animal_idAnimal) values (14, 'Adaline', 19.23, '1999-11-05', 14);
insert into vacuna (idVacuna, nombre, dosis, fecha, animal_idAnimal) values (15, 'Camile', 70.79, '2008-05-12', 15);
insert into vacuna (idVacuna, nombre, dosis, fecha, animal_idAnimal) values (16, 'Cyndy', 17.83, '2022-04-14', 16);
insert into vacuna (idVacuna, nombre, dosis, fecha, animal_idAnimal) values (17, 'Ivor', 72.49, '2001-06-06', 17);
insert into vacuna (idVacuna, nombre, dosis, fecha, animal_idAnimal) values (18, 'Duffy', 91.08, '2002-02-25', 18);
insert into vacuna (idVacuna, nombre, dosis, fecha, animal_idAnimal) values (19, 'Antonius', 26.95, '2005-08-28', 19);
insert into vacuna (idVacuna, nombre, dosis, fecha, animal_idAnimal) values (20, 'Ichabod', 81.47, '2004-01-26', 20);
insert into vacuna (idVacuna, nombre, dosis, fecha, animal_idAnimal) values (21, 'Ethelda', 5.19, '2009-11-07', 21);
insert into vacuna (idVacuna, nombre, dosis, fecha, animal_idAnimal) values (22, 'Merell', 6.5, '2020-08-09', 22);
insert into vacuna (idVacuna, nombre, dosis, fecha, animal_idAnimal) values (23, 'Bastian', 96.88, '2001-05-29', 23);
insert into vacuna (idVacuna, nombre, dosis, fecha, animal_idAnimal) values (24, 'Jocko', 9.43, '2016-09-24', 24);
insert into vacuna (idVacuna, nombre, dosis, fecha, animal_idAnimal) values (25, 'Thain', 39.45, '2013-05-02', 25);
insert into vacuna (idVacuna, nombre, dosis, fecha, animal_idAnimal) values (26, 'Albert', 14.05, '2005-01-12', 26);
insert into vacuna (idVacuna, nombre, dosis, fecha, animal_idAnimal) values (27, 'Humfrey', 51.6, '1998-10-21', 27);
insert into vacuna (idVacuna, nombre, dosis, fecha, animal_idAnimal) values (28, 'Andria', 8.35, '2011-06-27', 28);
insert into vacuna (idVacuna, nombre, dosis, fecha, animal_idAnimal) values (29, 'Major', 70.44, '2003-08-26', 29);
insert into vacuna (idVacuna, nombre, dosis, fecha, animal_idAnimal) values (30, 'Theresina', 28.06, '2000-05-03', 30);
insert into vacuna (idVacuna, nombre, dosis, fecha, animal_idAnimal) values (31, 'Sherwood', 37.8, '1999-02-08', 31);
insert into vacuna (idVacuna, nombre, dosis, fecha, animal_idAnimal) values (32, 'Nealon', 71.77, '1991-06-16', 32);
insert into vacuna (idVacuna, nombre, dosis, fecha, animal_idAnimal) values (33, 'Benni', 17.57, '2006-03-27', 33);
insert into vacuna (idVacuna, nombre, dosis, fecha, animal_idAnimal) values (34, 'Dewie', 47.22, '2014-11-26', 34);
insert into vacuna (idVacuna, nombre, dosis, fecha, animal_idAnimal) values (35, 'Etta', 50.55, '2013-09-30', 35);
insert into vacuna (idVacuna, nombre, dosis, fecha, animal_idAnimal) values (36, 'Angus', 50.31, '2016-07-24', 36);
insert into vacuna (idVacuna, nombre, dosis, fecha, animal_idAnimal) values (37, 'Lindsy', 86.86, '1994-10-16', 37);
insert into vacuna (idVacuna, nombre, dosis, fecha, animal_idAnimal) values (38, 'Alverta', 92.34, '2006-01-17', 38);
insert into vacuna (idVacuna, nombre, dosis, fecha, animal_idAnimal) values (39, 'Welch', 87.83, '2009-02-22', 39);
insert into vacuna (idVacuna, nombre, dosis, fecha, animal_idAnimal) values (40, 'Lyndsay', 33.22, '2015-05-21', 40);
insert into vacuna (idVacuna, nombre, dosis, fecha, animal_idAnimal) values (41, 'Ezra', 69.83, '2012-12-23', 41);
insert into vacuna (idVacuna, nombre, dosis, fecha, animal_idAnimal) values (42, 'Sammy', 90.72, '2021-07-07', 42);
insert into vacuna (idVacuna, nombre, dosis, fecha, animal_idAnimal) values (43, 'Nancey', 99.79, '1991-04-19', 43);
insert into vacuna (idVacuna, nombre, dosis, fecha, animal_idAnimal) values (44, 'Graeme', 3.06, '2004-02-19', 44);
insert into vacuna (idVacuna, nombre, dosis, fecha, animal_idAnimal) values (45, 'Alden', 59.5, '2001-05-05', 45);
insert into vacuna (idVacuna, nombre, dosis, fecha, animal_idAnimal) values (46, 'Werner', 34.11, '2001-06-14', 46);
insert into vacuna (idVacuna, nombre, dosis, fecha, animal_idAnimal) values (47, 'Perl', 8.37, '2022-04-21', 47);
insert into vacuna (idVacuna, nombre, dosis, fecha, animal_idAnimal) values (48, 'Bryan', 94.76, '2018-07-02', 48);
insert into vacuna (idVacuna, nombre, dosis, fecha, animal_idAnimal) values (49, 'Von', 4.74, '2009-10-02', 49);
insert into vacuna (idVacuna, nombre, dosis, fecha, animal_idAnimal) values (50, 'Earlie', 94.97, '2001-05-16', 50);
insert into vacuna (idVacuna, nombre, dosis, fecha, animal_idAnimal) values (51, 'Shandra', 55.37, '2015-12-18', 51);
insert into vacuna (idVacuna, nombre, dosis, fecha, animal_idAnimal) values (52, 'Clem', 51.02, '1992-11-26', 52);
insert into vacuna (idVacuna, nombre, dosis, fecha, animal_idAnimal) values (53, 'Humfrid', 31.69, '2022-02-08', 53);
insert into vacuna (idVacuna, nombre, dosis, fecha, animal_idAnimal) values (54, 'Decca', 91.25, '2019-01-25', 54);
insert into vacuna (idVacuna, nombre, dosis, fecha, animal_idAnimal) values (55, 'Gery', 97.03, '2012-08-20', 55);
insert into vacuna (idVacuna, nombre, dosis, fecha, animal_idAnimal) values (56, 'Reade', 89.14, '2008-07-13', 56);
insert into vacuna (idVacuna, nombre, dosis, fecha, animal_idAnimal) values (57, 'Tamera', 39.73, '1993-10-05', 57);
insert into vacuna (idVacuna, nombre, dosis, fecha, animal_idAnimal) values (58, 'Clo', 31.98, '1998-11-08', 58);
insert into vacuna (idVacuna, nombre, dosis, fecha, animal_idAnimal) values (59, 'Shelley', 98.81, '2000-03-28', 59);
insert into vacuna (idVacuna, nombre, dosis, fecha, animal_idAnimal) values (60, 'Kari', 59.01, '1997-10-15', 60);
insert into vacuna (idVacuna, nombre, dosis, fecha, animal_idAnimal) values (61, 'Christina', 25.94, '2012-10-21', 61);
insert into vacuna (idVacuna, nombre, dosis, fecha, animal_idAnimal) values (62, 'Gibby', 57.19, '2003-11-06', 62);
insert into vacuna (idVacuna, nombre, dosis, fecha, animal_idAnimal) values (63, 'Persis', 70.45, '2005-03-12', 63);
insert into vacuna (idVacuna, nombre, dosis, fecha, animal_idAnimal) values (64, 'Neilla', 43.36, '2017-08-20', 64);
insert into vacuna (idVacuna, nombre, dosis, fecha, animal_idAnimal) values (65, 'Codee', 1.28, '2005-04-13', 65);
insert into vacuna (idVacuna, nombre, dosis, fecha, animal_idAnimal) values (66, 'Barby', 73.54, '2007-07-07', 66);
insert into vacuna (idVacuna, nombre, dosis, fecha, animal_idAnimal) values (67, 'Heida', 99.09, '2004-06-13', 67);
insert into vacuna (idVacuna, nombre, dosis, fecha, animal_idAnimal) values (68, 'Bernadette', 43.84, '2007-06-02', 68);
insert into vacuna (idVacuna, nombre, dosis, fecha, animal_idAnimal) values (69, 'Zacharias', 20.53, '1994-10-21', 69);
insert into vacuna (idVacuna, nombre, dosis, fecha, animal_idAnimal) values (70, 'Ravi', 47.51, '1991-07-07', 70);
insert into vacuna (idVacuna, nombre, dosis, fecha, animal_idAnimal) values (71, 'Agna', 58.12, '1994-01-02', 71);
insert into vacuna (idVacuna, nombre, dosis, fecha, animal_idAnimal) values (72, 'Tallie', 80.53, '2007-10-03', 72);
insert into vacuna (idVacuna, nombre, dosis, fecha, animal_idAnimal) values (73, 'Trey', 75.33, '1997-05-28', 73);
insert into vacuna (idVacuna, nombre, dosis, fecha, animal_idAnimal) values (74, 'Antonina', 41.75, '2015-12-03', 74);
insert into vacuna (idVacuna, nombre, dosis, fecha, animal_idAnimal) values (75, 'Vonnie', 73.67, '1992-08-30', 75);
insert into vacuna (idVacuna, nombre, dosis, fecha, animal_idAnimal) values (76, 'Wini', 99.19, '2021-11-02', 76);
insert into vacuna (idVacuna, nombre, dosis, fecha, animal_idAnimal) values (77, 'Sib', 33.74, '2015-03-16', 77);
insert into vacuna (idVacuna, nombre, dosis, fecha, animal_idAnimal) values (78, 'Lee', 40.43, '2016-03-26', 78);
insert into vacuna (idVacuna, nombre, dosis, fecha, animal_idAnimal) values (79, 'Aubree', 28.58, '1992-03-29', 79);
insert into vacuna (idVacuna, nombre, dosis, fecha, animal_idAnimal) values (80, 'Vail', 85.73, '2008-03-07', 80);
insert into vacuna (idVacuna, nombre, dosis, fecha, animal_idAnimal) values (81, 'Carlen', 92.25, '1995-01-25', 81);
insert into vacuna (idVacuna, nombre, dosis, fecha, animal_idAnimal) values (82, 'Corabel', 77.72, '2022-12-13', 82);
insert into vacuna (idVacuna, nombre, dosis, fecha, animal_idAnimal) values (83, 'Ari', 75.09, '2020-08-15', 83);
insert into vacuna (idVacuna, nombre, dosis, fecha, animal_idAnimal) values (84, 'Celisse', 46.53, '2019-09-18', 84);
insert into vacuna (idVacuna, nombre, dosis, fecha, animal_idAnimal) values (85, 'Delmor', 87.07, '2011-05-14', 85);
insert into vacuna (idVacuna, nombre, dosis, fecha, animal_idAnimal) values (86, 'Brook', 54.8, '2023-03-19', 86);
insert into vacuna (idVacuna, nombre, dosis, fecha, animal_idAnimal) values (87, 'Lorine', 81.7, '1998-08-25', 87);
insert into vacuna (idVacuna, nombre, dosis, fecha, animal_idAnimal) values (88, 'Gayle', 7.42, '2023-08-16', 88);
insert into vacuna (idVacuna, nombre, dosis, fecha, animal_idAnimal) values (89, 'Vinnie', 62.58, '2016-11-10', 89);
insert into vacuna (idVacuna, nombre, dosis, fecha, animal_idAnimal) values (90, 'Chanda', 6.12, '1999-06-04', 90);
insert into vacuna (idVacuna, nombre, dosis, fecha, animal_idAnimal) values (91, 'Cristin', 0.97, '2021-12-03', 91);
insert into vacuna (idVacuna, nombre, dosis, fecha, animal_idAnimal) values (92, 'Miguelita', 96.74, '2018-02-12', 92);
insert into vacuna (idVacuna, nombre, dosis, fecha, animal_idAnimal) values (93, 'Germana', 36.97, '1993-01-18', 93);
insert into vacuna (idVacuna, nombre, dosis, fecha, animal_idAnimal) values (94, 'Brianna', 58.49, '2023-06-13', 94);
insert into vacuna (idVacuna, nombre, dosis, fecha, animal_idAnimal) values (95, 'Aeriela', 32.68, '2010-03-06', 95);
insert into vacuna (idVacuna, nombre, dosis, fecha, animal_idAnimal) values (96, 'Missy', 73.89, '1995-04-07', 96);
insert into vacuna (idVacuna, nombre, dosis, fecha, animal_idAnimal) values (97, 'Dillie', 44.14, '2011-06-21', 97);
insert into vacuna (idVacuna, nombre, dosis, fecha, animal_idAnimal) values (98, 'Ailyn', 60.95, '2020-03-23', 98);
insert into vacuna (idVacuna, nombre, dosis, fecha, animal_idAnimal) values (99, 'Fairlie', 25.09, '2009-10-28', 99);
insert into vacuna (idVacuna, nombre, dosis, fecha, animal_idAnimal) values (100, 'Win', 96.6, '2012-05-27', 100);
*/
insert into solicitud (animal_idAnimal, persona_idPersona, estado, fechaAdopcion, fechaEnvio) values (1, 1, 'pendiente', '2006-04-27', '2014-05-26');
insert into solicitud (animal_idAnimal, persona_idPersona, estado, fechaAdopcion, fechaEnvio) values (2, 2, 'rechazado', '1994-09-03', '1994-04-11');
insert into solicitud (animal_idAnimal, persona_idPersona, estado, fechaAdopcion, fechaEnvio) values (3, 3, 'rechazado', '2020-03-15', '2012-11-03');
insert into solicitud (animal_idAnimal, persona_idPersona, estado, fechaAdopcion, fechaEnvio) values (4, 4, 'pendiente', '2013-11-07', '1996-01-09');
insert into solicitud (animal_idAnimal, persona_idPersona, estado, fechaAdopcion, fechaEnvio) values (5, 5, 'aprobado', '2018-08-26', '2022-09-18');
insert into solicitud (animal_idAnimal, persona_idPersona, estado, fechaAdopcion, fechaEnvio) values (6, 6, 'pendiente', '2018-04-05', '2026-10-27');
insert into solicitud (animal_idAnimal, persona_idPersona, estado, fechaAdopcion, fechaEnvio) values (7, 7, 'pendiente', '2000-11-26', '2015-12-25');
insert into solicitud (animal_idAnimal, persona_idPersona, estado, fechaAdopcion, fechaEnvio) values (8, 8, 'rechazado', '2019-06-01', '2030-09-09');
insert into solicitud (animal_idAnimal, persona_idPersona, estado, fechaAdopcion, fechaEnvio) values (9, 9, 'pendiente', '1998-01-07', '2029-04-30');
insert into solicitud (animal_idAnimal, persona_idPersona, estado, fechaAdopcion, fechaEnvio) values (10, 10, 'rechazado', '2023-02-26', '2006-02-10');
insert into solicitud (animal_idAnimal, persona_idPersona, estado, fechaAdopcion, fechaEnvio) values (11, 11, 'aprobado', '2024-12-09', '2006-01-15');
insert into solicitud (animal_idAnimal, persona_idPersona, estado, fechaAdopcion, fechaEnvio) values (12, 12, 'aprobado', '2001-10-04', '2024-07-22');
insert into solicitud (animal_idAnimal, persona_idPersona, estado, fechaAdopcion, fechaEnvio) values (13, 13, 'rechazado', '1995-07-02', '2023-07-05');
insert into solicitud (animal_idAnimal, persona_idPersona, estado, fechaAdopcion, fechaEnvio) values (14, 14, 'rechazado', '2004-12-25', '2004-09-23');
insert into solicitud (animal_idAnimal, persona_idPersona, estado, fechaAdopcion, fechaEnvio) values (15, 15, 'aprobado', '2026-09-29', '1990-05-11');
insert into solicitud (animal_idAnimal, persona_idPersona, estado, fechaAdopcion, fechaEnvio) values (16, 16, 'rechazado', '2008-06-29', '2007-02-21');
insert into solicitud (animal_idAnimal, persona_idPersona, estado, fechaAdopcion, fechaEnvio) values (17, 17, 'pendiente', '1990-05-22', '2014-12-31');
insert into solicitud (animal_idAnimal, persona_idPersona, estado, fechaAdopcion, fechaEnvio) values (18, 18, 'pendiente', '2025-12-06', '1998-08-04');
insert into solicitud (animal_idAnimal, persona_idPersona, estado, fechaAdopcion, fechaEnvio) values (19, 19, 'pendiente', '2006-11-22', '2002-02-25');
insert into solicitud (animal_idAnimal, persona_idPersona, estado, fechaAdopcion, fechaEnvio) values (20, 20, 'rechazado', '2002-10-28', '2016-03-19');
insert into solicitud (animal_idAnimal, persona_idPersona, estado, fechaAdopcion, fechaEnvio) values (21, 21, 'aprobado', '2004-06-21', '2015-08-08');
insert into solicitud (animal_idAnimal, persona_idPersona, estado, fechaAdopcion, fechaEnvio) values (22, 22, 'rechazado', '1997-02-21', '1992-03-02');
insert into solicitud (animal_idAnimal, persona_idPersona, estado, fechaAdopcion, fechaEnvio) values (23, 23, 'rechazado', '2001-10-17', '2025-09-19');
insert into solicitud (animal_idAnimal, persona_idPersona, estado, fechaAdopcion, fechaEnvio) values (24, 24, 'aprobado', '2004-06-19', '2003-03-04');
insert into solicitud (animal_idAnimal, persona_idPersona, estado, fechaAdopcion, fechaEnvio) values (25, 25, 'rechazado', '2005-04-24', '2001-11-24');
insert into solicitud (animal_idAnimal, persona_idPersona, estado, fechaAdopcion, fechaEnvio) values (26, 26, 'rechazado', '1997-02-04', '2003-11-29');
insert into solicitud (animal_idAnimal, persona_idPersona, estado, fechaAdopcion, fechaEnvio) values (27, 27, 'pendiente', '1997-07-27', '2005-08-14');
insert into solicitud (animal_idAnimal, persona_idPersona, estado, fechaAdopcion, fechaEnvio) values (28, 28, 'aprobado', '2020-07-21', '2008-04-24');
insert into solicitud (animal_idAnimal, persona_idPersona, estado, fechaAdopcion, fechaEnvio) values (29, 29, 'pendiente', '2012-10-18', '2016-08-06');
insert into solicitud (animal_idAnimal, persona_idPersona, estado, fechaAdopcion, fechaEnvio) values (30, 30, 'rechazado', '2003-03-07', '2010-04-08');
insert into solicitud (animal_idAnimal, persona_idPersona, estado, fechaAdopcion, fechaEnvio) values (31, 31, 'pendiente', '2016-05-24', '1997-09-03');
insert into solicitud (animal_idAnimal, persona_idPersona, estado, fechaAdopcion, fechaEnvio) values (32, 32, 'rechazado', '1990-09-03', '2024-09-04');
insert into solicitud (animal_idAnimal, persona_idPersona, estado, fechaAdopcion, fechaEnvio) values (33, 33, 'rechazado', '1999-01-19', '1996-05-06');
insert into solicitud (animal_idAnimal, persona_idPersona, estado, fechaAdopcion, fechaEnvio) values (34, 34, 'rechazado', '2023-05-28', '2017-07-10');
insert into solicitud (animal_idAnimal, persona_idPersona, estado, fechaAdopcion, fechaEnvio) values (35, 35, 'pendiente', '2015-12-25', '1990-09-01');
insert into solicitud (animal_idAnimal, persona_idPersona, estado, fechaAdopcion, fechaEnvio) values (36, 36, 'pendiente', '1994-04-05', '2027-12-01');
insert into solicitud (animal_idAnimal, persona_idPersona, estado, fechaAdopcion, fechaEnvio) values (37, 37, 'aprobado', '2003-11-22', '2030-12-13');
insert into solicitud (animal_idAnimal, persona_idPersona, estado, fechaAdopcion, fechaEnvio) values (38, 38, 'pendiente', '2028-02-21', '2029-11-14');
insert into solicitud (animal_idAnimal, persona_idPersona, estado, fechaAdopcion, fechaEnvio) values (39, 39, 'pendiente', '2014-11-20', '2014-03-15');
insert into solicitud (animal_idAnimal, persona_idPersona, estado, fechaAdopcion, fechaEnvio) values (40, 40, 'pendiente', '2027-01-29', '2001-05-10');
insert into solicitud (animal_idAnimal, persona_idPersona, estado, fechaAdopcion, fechaEnvio) values (41, 41, 'aprobado', '2017-10-16', '2001-09-22');
insert into solicitud (animal_idAnimal, persona_idPersona, estado, fechaAdopcion, fechaEnvio) values (42, 42, 'pendiente', '2028-11-05', '1999-04-05');
insert into solicitud (animal_idAnimal, persona_idPersona, estado, fechaAdopcion, fechaEnvio) values (43, 43, 'rechazado', '2001-08-04', '2027-12-22');
insert into solicitud (animal_idAnimal, persona_idPersona, estado, fechaAdopcion, fechaEnvio) values (44, 44, 'aprobado', '2019-04-15', '1999-11-10');
insert into solicitud (animal_idAnimal, persona_idPersona, estado, fechaAdopcion, fechaEnvio) values (45, 45, 'aprobado', '2020-07-21', '2019-10-03');
insert into solicitud (animal_idAnimal, persona_idPersona, estado, fechaAdopcion, fechaEnvio) values (46, 46, 'aprobado', '2005-11-06', '1999-09-04');
insert into solicitud (animal_idAnimal, persona_idPersona, estado, fechaAdopcion, fechaEnvio) values (47, 47, 'pendiente', '2008-01-05', '1995-02-04');
insert into solicitud (animal_idAnimal, persona_idPersona, estado, fechaAdopcion, fechaEnvio) values (48, 48, 'pendiente', '1994-06-14', '2024-02-18');
insert into solicitud (animal_idAnimal, persona_idPersona, estado, fechaAdopcion, fechaEnvio) values (49, 49, 'aprobado', '1991-04-16', '2004-03-14');
insert into solicitud (animal_idAnimal, persona_idPersona, estado, fechaAdopcion, fechaEnvio) values (50, 50, 'rechazado', '1995-11-21', '2025-09-22');
insert into solicitud (animal_idAnimal, persona_idPersona, estado, fechaAdopcion, fechaEnvio) values (51, 51, 'pendiente', '1994-09-10', '2024-11-29');
insert into solicitud (animal_idAnimal, persona_idPersona, estado, fechaAdopcion, fechaEnvio) values (52, 52, 'rechazado', '1999-04-04', '2025-12-09');
insert into solicitud (animal_idAnimal, persona_idPersona, estado, fechaAdopcion, fechaEnvio) values (53, 53, 'pendiente', '2017-01-23', '2004-10-20');
insert into solicitud (animal_idAnimal, persona_idPersona, estado, fechaAdopcion, fechaEnvio) values (54, 54, 'aprobado', '1991-09-10', '2008-01-22');
insert into solicitud (animal_idAnimal, persona_idPersona, estado, fechaAdopcion, fechaEnvio) values (55, 55, 'rechazado', '2019-04-29', '1999-06-24');
insert into solicitud (animal_idAnimal, persona_idPersona, estado, fechaAdopcion, fechaEnvio) values (56, 56, 'pendiente', '1993-06-06', '1999-02-02');
insert into solicitud (animal_idAnimal, persona_idPersona, estado, fechaAdopcion, fechaEnvio) values (57, 57, 'aprobado', '2029-05-13', '2027-02-01');
insert into solicitud (animal_idAnimal, persona_idPersona, estado, fechaAdopcion, fechaEnvio) values (58, 58, 'aprobado', '2015-10-24', '2010-02-11');
insert into solicitud (animal_idAnimal, persona_idPersona, estado, fechaAdopcion, fechaEnvio) values (59, 59, 'rechazado', '1994-03-27', '2026-10-06');
insert into solicitud (animal_idAnimal, persona_idPersona, estado, fechaAdopcion, fechaEnvio) values (60, 60, 'pendiente', '2026-10-18', '2020-01-10');
insert into solicitud (animal_idAnimal, persona_idPersona, estado, fechaAdopcion, fechaEnvio) values (61, 61, 'rechazado', '2020-12-04', '2016-10-12');
insert into solicitud (animal_idAnimal, persona_idPersona, estado, fechaAdopcion, fechaEnvio) values (62, 62, 'pendiente', '1996-08-25', '2025-01-13');
insert into solicitud (animal_idAnimal, persona_idPersona, estado, fechaAdopcion, fechaEnvio) values (63, 63, 'aprobado', '2001-01-01', '2001-07-31');
insert into solicitud (animal_idAnimal, persona_idPersona, estado, fechaAdopcion, fechaEnvio) values (64, 64, 'rechazado', '1991-03-07', '1996-12-29');
insert into solicitud (animal_idAnimal, persona_idPersona, estado, fechaAdopcion, fechaEnvio) values (65, 65, 'pendiente', '2002-11-13', '2021-10-11');
insert into solicitud (animal_idAnimal, persona_idPersona, estado, fechaAdopcion, fechaEnvio) values (66, 66, 'rechazado', '2013-01-01', '1990-01-18');
insert into solicitud (animal_idAnimal, persona_idPersona, estado, fechaAdopcion, fechaEnvio) values (67, 67, 'rechazado', '2026-03-06', '1990-01-09');
insert into solicitud (animal_idAnimal, persona_idPersona, estado, fechaAdopcion, fechaEnvio) values (68, 68, 'pendiente', '2013-07-23', '1994-08-20');
insert into solicitud (animal_idAnimal, persona_idPersona, estado, fechaAdopcion, fechaEnvio) values (69, 69, 'pendiente', '2005-12-18', '1999-03-19');
insert into solicitud (animal_idAnimal, persona_idPersona, estado, fechaAdopcion, fechaEnvio) values (70, 70, 'pendiente', '1996-02-23', '1991-11-15');
insert into solicitud (animal_idAnimal, persona_idPersona, estado, fechaAdopcion, fechaEnvio) values (71, 71, 'pendiente', '2016-02-22', '1999-07-10');
insert into solicitud (animal_idAnimal, persona_idPersona, estado, fechaAdopcion, fechaEnvio) values (72, 72, 'pendiente', '2020-02-25', '2028-04-24');
insert into solicitud (animal_idAnimal, persona_idPersona, estado, fechaAdopcion, fechaEnvio) values (73, 73, 'aprobado', '2005-05-03', '2022-01-10');
insert into solicitud (animal_idAnimal, persona_idPersona, estado, fechaAdopcion, fechaEnvio) values (74, 74, 'pendiente', '1998-10-13', '2012-02-26');
insert into solicitud (animal_idAnimal, persona_idPersona, estado, fechaAdopcion, fechaEnvio) values (75, 75, 'aprobado', '1996-07-12', '2021-01-20');
insert into solicitud (animal_idAnimal, persona_idPersona, estado, fechaAdopcion, fechaEnvio) values (76, 76, 'aprobado', '1998-05-25', '2025-08-16');
insert into solicitud (animal_idAnimal, persona_idPersona, estado, fechaAdopcion, fechaEnvio) values (77, 77, 'pendiente', '2000-01-16', '2012-12-27');
insert into solicitud (animal_idAnimal, persona_idPersona, estado, fechaAdopcion, fechaEnvio) values (78, 78, 'pendiente', '2004-05-01', '1990-08-13');
insert into solicitud (animal_idAnimal, persona_idPersona, estado, fechaAdopcion, fechaEnvio) values (79, 79, 'pendiente', '1997-01-26', '2028-12-31');
insert into solicitud (animal_idAnimal, persona_idPersona, estado, fechaAdopcion, fechaEnvio) values (80, 80, 'rechazado', '2011-06-23', '1998-02-14');
insert into solicitud (animal_idAnimal, persona_idPersona, estado, fechaAdopcion, fechaEnvio) values (81, 81, 'pendiente', '1994-02-25', '2022-04-12');
insert into solicitud (animal_idAnimal, persona_idPersona, estado, fechaAdopcion, fechaEnvio) values (82, 82, 'aprobado', '2015-11-05', '2000-05-21');
insert into solicitud (animal_idAnimal, persona_idPersona, estado, fechaAdopcion, fechaEnvio) values (83, 83, 'pendiente', '2026-03-14', '2013-03-25');
insert into solicitud (animal_idAnimal, persona_idPersona, estado, fechaAdopcion, fechaEnvio) values (84, 84, 'pendiente', '1998-02-18', '2024-03-03');
insert into solicitud (animal_idAnimal, persona_idPersona, estado, fechaAdopcion, fechaEnvio) values (85, 85, 'aprobado', '2005-10-24', '2025-04-07');
insert into solicitud (animal_idAnimal, persona_idPersona, estado, fechaAdopcion, fechaEnvio) values (86, 86, 'aprobado', '2001-10-02', '2019-05-28');
insert into solicitud (animal_idAnimal, persona_idPersona, estado, fechaAdopcion, fechaEnvio) values (87, 87, 'aprobado', '2003-09-11', '2016-10-24');
insert into solicitud (animal_idAnimal, persona_idPersona, estado, fechaAdopcion, fechaEnvio) values (88, 88, 'rechazado', '2013-10-22', '2015-06-05');
insert into solicitud (animal_idAnimal, persona_idPersona, estado, fechaAdopcion, fechaEnvio) values (89, 89, 'rechazado', '1998-07-14', '2023-12-09');
insert into solicitud (animal_idAnimal, persona_idPersona, estado, fechaAdopcion, fechaEnvio) values (90, 90, 'rechazado', '2024-09-22', '2011-08-11');
insert into solicitud (animal_idAnimal, persona_idPersona, estado, fechaAdopcion, fechaEnvio) values (91, 91, 'rechazado', '1993-09-11', '1997-03-12');
insert into solicitud (animal_idAnimal, persona_idPersona, estado, fechaAdopcion, fechaEnvio) values (92, 92, 'rechazado', '2019-11-19', '2018-10-10');
insert into solicitud (animal_idAnimal, persona_idPersona, estado, fechaAdopcion, fechaEnvio) values (93, 93, 'pendiente', '2021-07-12', '2015-09-08');
insert into solicitud (animal_idAnimal, persona_idPersona, estado, fechaAdopcion, fechaEnvio) values (94, 94, 'rechazado', '2013-10-04', '2026-04-18');
insert into solicitud (animal_idAnimal, persona_idPersona, estado, fechaAdopcion, fechaEnvio) values (95, 95, 'rechazado', '2024-02-06', '2013-07-19');
insert into solicitud (animal_idAnimal, persona_idPersona, estado, fechaAdopcion, fechaEnvio) values (96, 96, 'pendiente', '2025-05-04', '1996-03-16');
insert into solicitud (animal_idAnimal, persona_idPersona, estado, fechaAdopcion, fechaEnvio) values (97, 97, 'rechazado', '2007-09-24', '2005-03-14');
insert into solicitud (animal_idAnimal, persona_idPersona, estado, fechaAdopcion, fechaEnvio) values (98, 98, 'rechazado', '2014-07-20', '2027-07-16');
insert into solicitud (animal_idAnimal, persona_idPersona, estado, fechaAdopcion, fechaEnvio) values (99, 99, 'aprobado', '1996-07-03', '2028-03-19');
insert into solicitud (animal_idAnimal, persona_idPersona, estado, fechaAdopcion, fechaEnvio) values (100, 100, 'aprobado', '2006-04-12', '2012-03-21');