INSERT INTO `PoliPet`.`Animal` (`ID`, `Nombre`, `Especie`, `Raza`, `Fecha_nacimiento`, `Genero`, `Descripcion`)
	VALUES (NULL, 'Max', 'Perro', 'Labrador Retriever', '2019-01-15', 'Macho', 'Max es un perro amigable y juguetón'),
       	(NULL, 'Luna', 'Gato', 'Siamés', '2020-03-10', 'Hembra', 'Luna es una gata independiente y curiosa'),
       	(NULL, 'Rocky', 'Perro', 'Bulldog Francés', '2018-07-20', 'Macho', 'Rocky es un perro cariñoso y valiente'),
       	(NULL, 'Simba', 'Gato', 'Persa', '2020-05-05', 'Macho', 'Simba es un gato elegante y tranquilo'),
       	(NULL, 'Lola', 'Perro', 'Golden Retriever', '2017-11-30', 'Hembra', 'Lola es una perra inteligente y leal'),
       	(NULL, 'Kitty', 'Gato', 'Bengalí', '2019-09-08', 'Hembra', 'Kitty es una gata juguetona y curiosa'),
       	(NULL, 'Bruno', 'Perro', 'Bulldog Inglés', '2020-02-18', 'Macho', 'Bruno es un perro cariñoso y protector'),
       	(NULL, 'Mia', 'Gato', 'Maine Coon', '2018-12-01', 'Hembra', 'Mia es una gata grande y sociable'),
       	(NULL, 'Toby', 'Perro', 'Chihuahua', '2019-07-10', 'Macho', 'Toby es un perro pequeño y valiente'),
       	(NULL, 'Nala', 'Gato', 'Scottish Fold', '2021-03-25', 'Hembra', 'Nala es una gata dulce y tranquila'),
       	(NULL, 'Charlie', 'Perro', 'Poodle', '2018-04-12', 'Macho', 'Charlie es un perro inteligente y obediente'),
       	(NULL, 'Milo', 'Gato', 'Sphynx', '2019-11-20', 'Macho', 'Milo es un gato sin pelo y juguetón'),
       	(NULL, 'Daisy', 'Perro', 'Bichón Frisé', '2020-08-05', 'Hembra', 'Daisy es una perra alegre y sociable'),
       	(NULL, 'Oliver', 'Gato', 'Ragdoll', '2019-06-15', 'Macho', 'Oliver es un gato tranquilo y afectuoso'),
       	(NULL, 'Lucy', 'Perro', 'Cocker Spaniel', '2018-03-07', 'Hembra', 'Lucy es una perra activa y cariñosa'),
       	(NULL, 'Bella', 'Gato', 'Siames', '2020-01-02', 'Hembra', 'Bella es una gata elegante y curiosa'),
       	(NULL, 'Cooper', 'Perro', 'Bulldog Americano', '2019-09-12', 'Macho', 'Cooper es un perro fuerte y leal'),
       	(NULL, 'Lily', 'Gato', 'Persa', '2018-07-18', 'Hembra', 'Lily es una gata tranquila y amorosa'),
       	(NULL, 'Bailey', 'Perro', 'Beagle', '2020-04-25', 'Macho', 'Bailey es un perro amigable y enérgico'),
       	(NULL, 'Leo', 'Gato', 'Bengalí', '2019-12-05', 'Macho', 'Leo es un gato activo y juguetón'),
       	(NULL, 'Sadie', 'Perro', 'Labrador Retriever', '2018-11-15', 'Hembra', 'Sadie es una perra inteligente y cariñosa'),
       	(NULL, 'Molly', 'Gato', 'Maine Coon', '2020-10-20', 'Hembra', 'Molly es una gata grande y sociable'),
       	(NULL, 'Rocky', 'Perro', 'Husky Siberiano', '2019-05-18', 'Macho', 'Rocky es un perro enérgico y juguetón'),
       	(NULL, 'Sophie', 'Gato', 'Scottish Fold', '2018-03-01', 'Hembra', 'Sophie es una gata dulce y curiosa'),
       	(NULL, 'Bentley', 'Perro', 'Golden Retriever', '2020-02-10', 'Macho', 'Bentley es un perro leal y amigable'),
       	(NULL, 'Mia', 'Gato', 'Persa', '2019-11-12', 'Hembra', 'Mia es una gata tranquila y elegante'),
       	(NULL, 'Charlie', 'Perro', 'Labradoodle', '2018-06-05', 'Macho', 'Charlie es un perro cariñoso y sociable'),
       	(NULL, 'Luna', 'Gato', 'Ragdoll', '2020-09-20', 'Hembra', 'Luna es una gata cariñosa y tranquila'),
       	(NULL, 'Max', 'Perro', 'Pastor Alemán', '2019-04-10', 'Macho', 'Max es un perro inteligente y leal'),
       	(NULL, 'Oliver', 'Gato', 'Siberiano', '2018-10-15', 'Macho', 'Oliver es un gato activo y juguetón'),
       	(NULL, 'Lucy', 'Perro', 'Pomerania', '2020-07-18', 'Hembra', 'Lucy es una perra pequeña y enérgica'),
       	(NULL, 'Milo', 'Gato', 'Maine Coon', '2019-09-05', 'Macho', 'Milo es un gato grande y cariñoso'),
       	(NULL, 'Lola', 'Perro', 'Chihuahua', '2018-12-01', 'Hembra', 'Lola es una perra valiente y protectora'),
       	(NULL, 'Bella', 'Gato', 'Persa', '2020-07-10', 'Hembra', 'Bella es una gata elegante y tranquila'),
       	(NULL, 'Rocky', 'Perro', 'Dálmata', '2019-03-25', 'Macho', 'Rocky es un perro juguetón y enérgico'),
      	(NULL, 'Mia', 'Gato', 'Sphynx', '2018-11-12', 'Hembra', 'Mia es una gata sin pelo y curiosa'),
       	(NULL, 'Max', 'Perro', 'Rottweiler', '2020-06-18', 'Macho', 'Max es un perro fuerte y protector'),
       	(NULL, 'Luna', 'Gato', 'Siames', '2019-08-20', 'Hembra', 'Luna es una gata curiosa y sociable'),
       	(NULL, 'Cooper', 'Perro', 'Bulldog Inglés', '2018-11-01', 'Macho', 'Cooper es un perro cariñoso y fiel'),
       	(NULL, 'Milo', 'Gato', 'Birmano', '2020-06-05', 'Macho', 'Milo es un gato tranquilo y afectuoso'),
       	(NULL, 'Lucy', 'Perro', 'Labrador Retriever', '2019-09-12', 'Hembra', 'Lucy es una perra amigable y leal'),
       	(NULL, 'Bella', 'Gato', 'Siberiano', '2018-07-18', 'Hembra', 'Bella es una gata activa y juguetona'),
       	(NULL, 'Charlie', 'Perro', 'Golden Retriever', '2020-04-25', 'Macho', 'Charlie es un perro inteligente y leal'),
      	(NULL, 'Lily', 'Gato', 'Bengalí', '2019-12-05', 'Hembra', 'Lily es una gata activa y juguetona'),
       	(NULL, 'Bailey', 'Perro', 'Labradoodle', '2018-11-15', 'Macho', 'Bailey es un perro cariñoso y sociable'),
       	(NULL, 'Leo', 'Gato', 'Maine Coon', '2020-10-20', 'Macho', 'Leo es un gato grande y sociable'),
       	(NULL, 'Sadie', 'Perro', 'Husky Siberiano', '2019-05-18', 'Hembra', 'Sadie es una perra enérgica y juguetona'),
       	(NULL, 'Molly', 'Gato', 'Scottish Fold', '2018-03-01', 'Hembra', 'Molly es una gata dulce y curiosa'),
       	(NULL, 'Rocky', 'Perro', 'Golden Retriever', '2020-02-10', 'Macho', 'Rocky es un perro leal y amigable'),
       	(NULL, 'Sophie', 'Gato', 'Persa', '2019-11-12', 'Hembra', 'Sophie es una gata tranquila y elegante'),
       	(NULL, 'Bentley', 'Perro', 'Cocker Spaniel', '2018-06-05', 'Macho', 'Bentley es un perro activo y cariñoso'),
       	(NULL, 'Luna', 'Gato', 'Ragdoll', '2020-09-20', 'Hembra', 'Luna es una gata cariñosa y tranquila'),
       	(NULL, 'Max', 'Perro', 'Pastor Alemán', '2019-04-10', 'Macho', 'Max es un perro inteligente y leal'),
       	(NULL, 'Oliver', 'Gato', 'Siberiano', '2018-10-15', 'Macho', 'Oliver es un gato activo y juguetón'),
       	(NULL, 'Lucy', 'Perro', 'Pomerania', '2020-07-18', 'Hembra', 'Lucy es una perra pequeña y enérgica'),
       	(NULL, 'Milo', 'Gato', 'Maine Coon', '2019-09-05', 'Macho', 'Milo es un gato grande y cariñoso'),
       	(NULL, 'Lola', 'Perro', 'Chihuahua', '2018-12-01', 'Hembra', 'Lola es una perra valiente y protectora'),
       	(NULL, 'Bella', 'Gato', 'Persa', '2020-07-10', 'Hembra', 'Bella es una gata elegante y tranquila'),
       	(NULL, 'Rocky', 'Perro', 'Dálmata', '2019-03-25', 'Macho', 'Rocky es un perro juguetón y enérgico'),
       	(NULL, 'Mia', 'Gato', 'Sphynx', '2018-11-12', 'Hembra', 'Mia es una gata sin pelo y curiosa'),
       	(NULL, 'Max', 'Perro', 'Rottweiler', '2020-06-18', 'Macho', 'Max es un perro fuerte y protector'),
       	(NULL, 'Luna', 'Gato', 'Siames', '2019-08-20', 'Hembra', 'Luna es una gata curiosa y sociable'),
       	(NULL, 'Cooper', 'Perro', 'Bulldog Inglés', '2018-11-01', 'Macho', 'Cooper es un perro cariñoso y fiel'),
       	(NULL, 'Milo', 'Gato', 'Birmano', '2020-06-05', 'Macho', 'Milo es un gato tranquilo y afectuoso');
       
INSERT INTO `PoliPet`.`Persona` (`ID`, `Nombre_completo`, `Email`, `Telefono`, `Direccion`, `Fecha_nacimiento`, `Ocupacion`, 
	`Experiencia_previa`) VALUES
	(NULL, 'Juan Perez', 'juan@example.com', '123456789', 'Calle 123', '1990-05-15', 'Estudiante', 1),
	(NULL, 'Maria Rodriguez', 'maria@example.com', '987654321', 'Avenida 456', '1985-09-20', 'Abogada', 0),
	(NULL, 'Carlos Sanchez', 'carlos@example.com', '555555555', 'Plaza 789', '1978-03-10', 'Ingeniero', 1),
	(NULL, 'Ana Lopez', 'ana@example.com', '111111111', 'Callejón 987', '1992-07-02', 'Maestra', 0),
	(NULL, 'Luis Torres', 'luis@example.com', '999999999', 'Avenida 654', '1982-11-18', 'Médico', 1),
	(NULL, 'Laura Gomez', 'laura@example.com', '222222222', 'Calle 456', '1995-01-25', 'Estudiante', 0),
	(NULL, 'Pedro Ramirez', 'pedro@example.com', '777777777', 'Avenida 321', '1987-08-12', 'Contador', 1),
	(NULL, 'Marta Morales', 'marta@example.com', '444444444', 'Plaza 654', '1993-04-08', 'Diseñadora', 0),
	(NULL, 'Javier Herrera', 'javier@example.com', '666666666', 'Callejón 789', '1980-12-05', 'Arquitecto', 1),
	(NULL, 'Paula Castro', 'paula@example.com', '333333333', 'Avenida 987', '1991-06-30', 'Psicóloga', 0),
	(NULL, 'Roberto Jimenez', 'roberto@example.com', '888888888', 'Calle 654', '1984-02-17', 'Programador', 1),
	(NULL, 'Elena Vega', 'elena@example.com', '555555555', 'Avenida 123', '1994-08-22', 'Estudiante', 0),
	(NULL, 'Ricardo Medina', 'ricardo@example.com', '222222222', 'Plaza 987', '1981-01-07', 'Abogado', 1),
	(NULL, 'Sofia Ortega', 'sofia@example.com', '999999999', 'Callejón 456', '1996-05-12', 'Ingeniera', 0),
	(NULL, 'Daniel Paredes', 'daniel@example.com', '444444444', 'Avenida 789', '1989-10-27', 'Contador', 1),
	(NULL, 'Valeria Nunez', 'valeria@example.com', '666666666', 'Calle 321', '1992-02-01', 'Diseñadora', 0),
	(NULL, 'Alejandro Herrera', 'alejandro@example.com', '111111111', 'Plaza 654', '1979-07-16', 'Médico', 1),
	(NULL, 'Carolina Silva', 'carolina@example.com', '555555555', 'Callejón 987', '1993-01-20', 'Arquitecta', 0),
	(NULL, 'Felipe Castro', 'felipe@example.com', '888888888', 'Avenida 456', '1986-06-05', 'Psicólogo', 1),
	(NULL, 'Isabella Vega', 'isabella@example.com', '222222222', 'Plaza 123', '1995-11-10', 'Estudiante', 0),
	(NULL, 'Lucas Ramirez', 'lucas@example.com', '666666666', 'Calle 987', '1983-04-26', 'Programador', 1),
	(NULL, 'Camila Medina', 'camila@example.com', '111111111', 'Avenida 654', '1990-10-11', 'Abogada', 0),
	(NULL, 'Sebastian Gomez', 'sebastian@example.com', '333333333', 'Callejón 321', '1987-03-28', 'Ingeniero', 1),
	(NULL, 'Antonia Torres', 'antonia@example.com', '555555555', 'Plaza 789', '1994-09-02', 'Contadora', 0),
	(NULL, 'Martin Herrera', 'martin@example.com', '777777777', 'Avenida 456', '1981-02-15', 'Diseñador', 1),
	(NULL, 'Valentina Jimenez', 'valentina@example.com', '999999999', 'Calle 987', '1993-07-31', 'Estudiante', 0),
	(NULL, 'Maximiliano Castro', 'maximiliano@example.com', '222222222', 'Callejón 456', '1985-12-16', 'Médico', 1),
	(NULL, 'Josefina Ortega', 'josefina@example.com', '444444444', 'Avenida 789', '1991-05-03', 'Arquitecta', 0),
	(NULL, 'Matias Paredes', 'matias@example.com', '666666666', 'Plaza 321', '1989-10-18', 'Contador', 1),
	(NULL, 'Florencia Nunez', 'florencia@example.com', '222222222', 'Calle 654', '1994-03-05', 'Psicóloga', 0),
	(NULL, 'Benjamin Silva', 'benjamin@example.com', '555555555', 'Avenida 987', '1980-08-20', 'Programador', 1),
	(NULL, 'Catalina Vega', 'catalina@example.com', '777777777', 'Callejón 123', '1992-01-25', 'Estudiante', 0),
	(NULL, 'Agustin Ramirez', 'agustin@example.com', '111111111', 'Plaza 654', '1986-07-12', 'Abogado', 1),
	(NULL, 'Isidora Castro', 'isidora@example.com', '888888888', 'Calle 987', '1993-12-17', 'Ingeniera', 0),
	(NULL, 'Ignacio Herrera', 'ignacio@example.com', '222222222', 'Avenida 456', '1982-05-04', 'Contador', 1),
	(NULL, 'Emilia Medina', 'emilia@example.com', '444444444', 'Callejón 789', '1995-10-11', 'Diseñadora', 0),
	(NULL, 'Juanita Torres', 'juanita@example.com', '666666666', 'Plaza 321', '1984-03-28', 'Médica', 1),
	(NULL, 'Feliciano Gomez', 'feliciano@example.com', '999999999', 'Avenida 654', '1990-09-12', 'Estudiante', 0),
	(NULL, 'Bernardita Ramirez', 'bernardita@example.com', '222222222', 'Callejón 987', '1981-02-27', 'Abogada', 1),
	(NULL, 'Tomas Silva', 'tomas@example.com', '555555555', 'Plaza 456', '1993-08-14', 'Ingeniero', 0),
	(NULL, 'Constanza Ortega', 'constanza@example.com', '777777777', 'Avenida 789', '1987-01-29', 'Psicóloga', 1),
	(NULL, 'Fernando Paredes', 'fernando@example.com', '333333333', 'Calle 123', '1995-07-16', 'Programador', 0),
	(NULL, 'Maite Nunez', 'maite@example.com', '999999999', 'Calle 456', '1989-12-03', 'Estudiante', 1),
	(NULL, 'Roberto Jimenez', 'roberto@example.com', '444444444', 'Plaza 987', '1982-05-18', 'Abogado', 0),
	(NULL, 'Sofia Vega', 'sofia@example.com', '111111111', 'Avenida 654', '1991-10-04', 'Ingeniera', 1),
	(NULL, 'Daniel Paredes', 'daniel@example.com', '666666666', 'Callejón 321', '1986-03-21', 'Contador', 0),
	(NULL, 'Valentina Nunez', 'valentina@example.com', '555555555', 'Plaza 789', '1994-08-06', 'Diseñadora', 1),
	(NULL, 'Alejandro Herrera', 'alejandro@example.com', '222222222', 'Calle 456', '1981-01-21', 'Médico', 0),
	(NULL, 'Carolina Silva', 'carolina@example.com', '888888888', 'Avenida 987', '1993-06-07', 'Estudiante', 1),
	(NULL, 'Felipe Castro', 'felipe@example.com', '333333333', 'Callejón 123', '1987-11-24', 'Abogado', 0),
	(NULL, 'Isabella Ortega', 'isabella@example.com', '999999999', 'Plaza 654', '1990-05-11', 'Ingeniera', 1),
	(NULL, 'Lucas Ramirez', 'lucas@example.com', '555555555', 'Calle 987', '1984-10-28', 'Contador', 0),
	(NULL, 'Camila Medina', 'camila@example.com', '111111111', 'Avenida 321', '1993-04-15', 'Diseñadora', 1),
	(NULL, 'Sebastian Gomez', 'sebastian@example.com', '777777777', 'Plaza 654', '1988-09-30', 'Programador', 0),
	(NULL, 'Antonia Torres', 'antonia@example.com', '444444444', 'Callejón 987', '1991-02-16', 'Psicóloga', 1),
	(NULL, 'Martin Herrera', 'martin@example.com', '222222222', 'Avenida 456', '1986-07-03', 'Estudiante', 0),
	(NULL, 'Valentina Jimenez', 'valentina@example.com', '555555555', 'Calle 123', '1994-12-20', 'Abogada', 1),
	(NULL, 'Maximiliano Castro', 'maximiliano@example.com', '888888888', 'Plaza 789', '1983-05-07', 'Ingeniero', 0),
	(NULL, 'Josefina Ortega', 'josefina@example.com', '333333333', 'Callejón 456', '1992-10-24', 'Contadora', 1),
	(NULL, 'Matias Paredes', 'matias@example.com', '999999999', 'Avenida 987', '1989-03-11', 'Diseñador', 0),
	(NULL, 'Florencia Nunez', 'florencia@example.com', '222222222', 'Calle 654', '1995-08-26', 'Estudiante', 1),
	(NULL, 'Benjamin Silva', 'benjamin@example.com', '555555555', 'Plaza 321', '1980-02-10', 'Médico', 0),
	(NULL, 'Catalina Vega', 'catalina@example.com', '777777777', 'Callejón 789', '1992-07-27', 'Arquitecta', 1),
	(NULL, 'Agustin Ramirez', 'agustin@example.com', '111111111', 'Avenida 456', '1987-12-12', 'Contador', 0),
	(NULL, 'Isidora Castro', 'isidora@example.com', '888888888', 'Plaza 987', '1993-05-29', 'Diseñadora', 1),
	(NULL, 'Ignacio Herrera', 'ignacio@example.com', '222222222', 'Calle 123', '1982-11-15', 'Estudiante', 0),
	(NULL, 'Emilia Medina', 'emilia@example.com', '444444444', 'Avenida 654', '1995-04-02', 'Abogada', 1);
    
INSERT INTO `PoliPet`.`Vacuna` (`ID`, `Nombre`) VALUES
	(NULL, 'Vacuna1'),
	(NULL, 'Vacuna2'),
	(NULL, 'Vacuna3'),
	(NULL, 'Vacuna4'),
	(NULL, 'Vacuna5'),
	(NULL, 'Vacuna6'),
	(NULL, 'Vacuna7'),
	(NULL, 'Vacuna8'),
	(NULL, 'Vacuna9'),
	(NULL, 'Vacuna10'),
	(NULL, 'Vacuna11'),
	(NULL, 'Vacuna12'),
	(NULL, 'Vacuna13'),
	(NULL, 'Vacuna14'),
	(NULL, 'Vacuna15'),
	(NULL, 'Vacuna16'),
	(NULL, 'Vacuna17'),
	(NULL, 'Vacuna18'),
	(NULL, 'Vacuna19'),
	(NULL, 'Vacuna20'),
	(NULL, 'Vacuna21'),
	(NULL, 'Vacuna22'),
	(NULL, 'Vacuna23'),
	(NULL, 'Vacuna24'),
	(NULL, 'Vacuna25'),
	(NULL, 'Vacuna26'),
	(NULL, 'Vacuna27'),
	(NULL, 'Vacuna28'),
	(NULL, 'Vacuna29'),
	(NULL, 'Vacuna30'),
	(NULL, 'Vacuna31'),
	(NULL, 'Vacuna32'),
	(NULL, 'Vacuna33'),
	(NULL, 'Vacuna34'),
	(NULL, 'Vacuna35'),
	(NULL, 'Vacuna36'),
	(NULL, 'Vacuna37'),
	(NULL, 'Vacuna38'),
	(NULL, 'Vacuna39'),
	(NULL, 'Vacuna40'),
	(NULL, 'Vacuna41'),
	(NULL, 'Vacuna42'),
	(NULL, 'Vacuna43'),
	(NULL, 'Vacuna44'),
	(NULL, 'Vacuna45'),
	(NULL, 'Vacuna46'),
	(NULL, 'Vacuna47'),
	(NULL, 'Vacuna48'),
	(NULL, 'Vacuna49'),
	(NULL, 'Vacuna50');
    
insert into Estado values(null,"Pendiente"),(null,"Aprobada"),(null,"Rechazada");

INSERT INTO `PoliPet`.`DetallesVacuna` (`Animal_ID`, `Vacuna_ID`, `Dosis`, `Fecha`) VALUES
	(1, 1, 0.5, '2022-01-05'),
	(2, 2, 0.5, '2022-02-10'),
	(3, 3, 1, '2021-12-15'),
	(4, 4, 0.5, '2022-03-20'),
	(5, 5, 1, '2022-04-25'),
	(6, 6, 0.5, '2022-05-30'),
	(7, 7, 1, '2022-06-05'),
	(8, 8, 0.5, '2022-07-10'),
	(9, 9, 1, '2022-08-15'),
	(10, 10, 0.5, '2022-09-20'),
	(11, 11, 1, '2022-10-25'),
	(12, 12, 0.5, '2022-11-30'),
	(13, 13, 1, '2022-12-05'),
	(14, 14, 0.5, '2023-01-10'),
	(15, 15, 1, '2023-02-15'),
	(16, 16, 0.5, '2023-03-20'),
	(17, 17, 1, '2023-04-25'),
	(18, 18, 0.5, '2023-05-30'),
	(19, 19, 1, '2023-06-05'),
	(20, 20, 0.5, '2023-07-10'),
	(21, 21, 1, '2023-08-15'),
	(22, 22, 0.5, '2023-09-20'),
	(23, 23, 1, '2023-10-25'),
	(24, 24, 0.5, '2023-11-30'),
	(25, 25, 1, '2023-12-05'),
	(26, 26, 0.5, '2024-01-10'),
	(27, 27, 1, '2024-02-15'),
	(28, 28, 0.5, '2024-03-20'),
	(29, 29, 1, '2024-04-25'),
	(30, 30, 0.5, '2024-05-30'),
	(31, 31, 1, '2024-06-05'),
	(32, 32, 0.5, '2024-07-10'),
	(33, 33, 1, '2024-08-15'),
	(34, 34, 0.5, '2024-09-20'),
	(35, 35, 1, '2024-10-25'),
	(36, 36, 0.5, '2024-11-30'),
	(37, 37, 1, '2024-12-05'),
	(38, 38, 0.5, '2025-01-10'),
	(39, 39, 1, '2025-02-15'),
	(40, 40, 0.5, '2025-03-20'),
	(41, 41, 1, '2025-04-25'),
	(42, 42, 0.5, '2025-05-30'),
	(43, 43, 1, '2025-06-05'),
	(44, 44, 0.5, '2025-07-10'),
	(45, 45, 1, '2025-08-15'),
	(46, 46, 0.5, '2025-09-20'),
	(47, 47, 1, '2025-10-25'),
	(48, 48, 0.5, '2025-11-30'),
	(49, 49, 1, '2025-12-05'),
	(50, 50, 0.5, '2026-01-10');
    
INSERT INTO `PoliPet`.`Solicitud` (`Persona_ID`, `Animal_ID`, `Fecha_envio`, `Fecha_adopcion`, `Estado_ID`) VALUES
(1, 1, '2023-06-01', NULL, 1),
(2, 2, '2023-06-02', '2023-06-02', 2),
(3, 3, '2023-06-03', NULL, 3),
(4, 4, '2023-06-04', NULL, 1),
(5, 5, '2023-06-05', '2023-06-06', 2),
(6, 6, '2023-06-06', NULL, 3),
(7, 7, '2023-06-07', NULL, 1),
(8, 8, '2023-06-08', '2023-06-09', 2),
(9, 9, '2023-06-09', NULL, 3),
(10, 10, '2023-06-10', NULL, 1),
(11, 11, '2023-06-11', '2023-06-12', 2),
(12, 12, '2023-06-12', NULL, 3),
(13, 13, '2023-06-13', NULL, 1),
(14, 14, '2023-06-14', '2023-06-15', 2),
(15, 15, '2023-06-15', NULL, 3),
(16, 16, '2023-06-16', NULL, 1),
(17, 17, '2023-06-17', '2023-06-18', 2),
(18, 18, '2023-06-18', NULL, 3),
(19, 19, '2023-06-19', NULL, 1),
(20, 20, '2023-06-20', '2023-06-21', 2),
(21, 21, '2023-06-21', NULL, 3),
(22, 22, '2023-06-22', NULL, 1),
(23, 23, '2023-06-23', '2023-06-24', 2),
(24, 24, '2023-06-24', NULL, 3),
(25, 25, '2023-06-25', NULL, 1),
(26, 26, '2023-06-26', '2023-06-27', 2),
(27, 27, '2023-06-27', NULL, 3),
(28, 28, '2023-06-28', NULL, 1),
(29, 29, '2023-06-29', '2023-06-30', 2),
(30, 30, '2023-06-30', NULL, 3),
(31, 31, '2023-07-01', NULL, 1),
(32, 32, '2023-07-02', '2023-07-03', 2),
(33, 33, '2023-07-03', NULL, 3),
(34, 34, '2023-07-04', NULL, 1),
(35, 35, '2023-07-05', '2023-07-06', 2),
(36, 36, '2023-07-06', NULL, 3),
(37, 37, '2023-07-07', NULL, 1),
(38, 38, '2023-07-08', '2023-07-09', 2),
(39, 39, '2023-07-09', NULL, 3),
(40, 40, '2023-07-10', NULL, 1),
(41, 41, '2023-07-11', '2023-07-12', 2),
(42, 42, '2023-07-12', NULL, 3),
(43, 43, '2023-07-13', NULL, 1),
(44, 44, '2023-07-14', '2023-07-15', 2),
(45, 45, '2023-07-15', NULL, 3),
(46, 46, '2023-07-16', NULL, 1),
(47, 47, '2023-07-17', '2023-07-18', 2),
(48, 48, '2023-07-18', NULL, 3),
(49, 49, '2023-07-19', NULL, 1),
(50, 50, '2023-07-20', '2023-07-21', 2);